date,open,high,low,close,volume
2020-01-02 00:00:00-05:00,71.40977771923563,72.46077614730521,71.15667416341765,72.4005126953125,135480400
2020-01-03 00:00:00-05:00,71.62912999102163,72.45594269937853,71.47244650368873,71.69662475585938,146322800
2020-01-06 00:00:00-05:00,70.81920068576198,72.30649856939735,70.5685026643333,72.26792907714844,118387200
2020-01-07 00:00:00-05:00,72.27756311117845,72.5330795245145,71.70867973246871,71.92803955078125,108872000
2020-01-08 00:00:00-05:00,71.63153674763797,73.38640783949229,71.63153674763797,73.08509063720703,132079200
2020-01-09 00:00:00-05:00,74.06138234642438,74.83034471463299,73.81069163960515,74.63750457763672,170108400
2020-01-10 00:00:00-05:00,74.87131787710281,75.37030104945943,74.30483992947904,74.80622863769531,140644800
2020-01-13 00:00:00-05:00,75.12201067519445,76.43093105955663,75.00388930942306,76.40441131591797,121532000
2020-01-14 00:00:00-05:00,76.34175230410106,76.5514679630278,75.24977872842311,75.37271118164062,161954400
2020-01-15 00:00:00-05:00,75.17262239843001,76.05246721987251,74.61819429330173,75.0496826171875,121923600
2020-01-16 00:00:00-05:00,75.59208495900991,76.10071246852102,75.23050414086309,75.98982238769531,108829200
2020-01-17 00:00:00-05:00,76.23808752279956,76.83349074089385,75.93195182564011,76.83108520507812,137816400
2020-01-21 00:00:00-05:00,76.45987702591754,76.90100236781842,76.1730223343127,76.3104248046875,110843200
2020-01-22 00:00:00-05:00,76.79489239970943,77.13477903439708,76.48875681754969,76.58277130126953,101832400
2020-01-23 00:00:00-05:00,76.63581926484824,77.03114362991317,76.08862248837322,76.95159912109375,104472000
2020-01-24 00:00:00-05:00,77.19748815287878,77.93993070377184,76.53940855639385,76.72984313964844,146537600
2020-01-27 00:00:00-05:00,74.74115326828117,75.15335327614349,73.49249613883003,74.47358703613281,161940000
2020-01-28 00:00:00-05:00,75.35345035430926,76.751560026989,75.25461737288055,76.58041381835938,162234000
2020-01-29 00:00:00-05:00,78.2098998673926,79.02948122719883,77.46986301615,78.18338012695312,216229200
2020-01-30 00:00:00-05:00,77.26739289963146,78.12313101118072,76.8359045055242,78.07009887695312,126743200
2020-01-31 00:00:00-05:00,77.3614124669731,77.78325671620777,74.31449554353281,74.60858154296875,199588400
2020-02-03 00:00:00-05:00,73.35268032975995,75.56796570063159,72.85129158100523,74.40367889404297,173788400
2020-02-04 00:00:00-05:00,76.00667569866678,77.05044280806926,75.60170706629567,76.8600082397461,136616400
2020-02-05 00:00:00-05:00,77.98572352193352,78.28463523931488,76.88411323556181,77.48674774169922,118826800
2020-02-06 00:00:00-05:00,77.75672634398214,78.39551744527337,77.19989265225486,78.39310455322266,105425600
2020-02-07 00:00:00-05:00,77.89294126547146,78.14181565091206,76.83703724788526,77.3275375366211,117684000
2020-02-10 00:00:00-05:00,75.91401971596468,77.6948013305664,75.83428641741939,77.6948013305664,109348800
2020-02-11 00:00:00-05:00,78.19014369789785,78.26262851927434,77.00858949259958,77.2260513305664,94323200
2020-02-12 00:00:00-05:00,77.67547099896561,79.0648197921596,77.67547099896561,79.05998992919922,113730400
2020-02-13 00:00:00-05:00,78.33272065286425,78.82322105727773,78.12975573109031,78.49702453613281,94747600
2020-02-14 00:00:00-05:00,78.46558778851511,78.76520890109116,78.00891869878639,78.5163345336914,80113600
2020-02-18 00:00:00-05:00,76.19913727689102,77.25987847546425,76.01791785904396,77.07865905761719,152531200
2020-02-19 00:00:00-05:00,77.32028463710277,78.42451672179727,77.32028463710277,78.1949691772461,93984000
2020-02-20 00:00:00-05:00,77.95576899229526,78.44385067885128,76.88777921917897,77.39277648925781,100566000
2020-02-21 00:00:00-05:00,76.98684158821678,77.42902110600791,75.02484049800245,75.64098358154297,129554000
2020-02-24 00:00:00-05:00,71.82572767869755,73.49777501677713,69.8854717188165,72.04801940917969,222195200
2020-02-25 00:00:00-05:00,72.71731344350151,73.0990790994302,69.13641603822464,69.60758209228516,230673600
2020-02-26 00:00:00-05:00,69.23307309062069,71.97552869907848,69.22582460812832,70.71182250976562,198054800
2020-02-27 00:00:00-05:00,67.92103635676665,69.10500169424336,65.95419815371966,66.08950805664062,320605600
2020-02-28 00:00:00-05:00,62.160678974985316,67.27106508637516,61.94562839291094,66.05084991455078,426510000
2020-03-02 00:00:00-05:00,68.20616489725688,72.83571844288954,67.10435128397388,72.20024108886719,341397200
2020-03-03 00:00:00-05:00,73.37454464911569,73.45427795635602,69.05668336601278,69.90721130371094,319475600
2020-03-04 00:00:00-05:00,71.62758575768213,73.30930003617219,70.82780458094045,73.14982604980469,219178400
2020-03-05 00:00:00-05:00,71.40529059680607,72.37904277817594,70.41221158595323,70.77706909179688,187572800
2020-03-06 00:00:00-05:00,68.13850549074616,70.26964775134793,67.95245619771107,69.8371353149414,226176800
2020-03-09 00:00:00-04:00,63.72882264119381,67.19373670107173,63.54760324031838,64.31356048583984,286744800
2020-03-10 00:00:00-04:00,66.96420578722295,69.21132371848606,65.0867678159455,68.9455337524414,285290000
2020-03-11 00:00:00-04:00,67.0246098194062,67.95003374263217,65.68841155580724,66.55101776123047,255598800
2020-03-12 00:00:00-04:00,61.841735279374994,65.23899494473845,59.92322498627828,59.978797912597656,418474000
2020-03-13 00:00:00-04:00,64.00428573904365,67.63592258199654,61.11926832671573,67.16474914550781,370732000
2020-03-16 00:00:00-04:00,58.46138297821733,62.60043194062402,57.99021323308223,58.524208068847656,322423600
2020-03-17 00:00:00-04:00,59.80483021639644,62.245249799692694,57.60361793460999,61.097530364990234,324056000
2020-03-18 00:00:00-04:00,57.93464652653443,60.406478598445545,57.29433564123959,59.601863861083984,300233600
2020-03-19 00:00:00-04:00,59.77583883377371,61.09269941838276,58.62086718026377,59.14519500732422,271857200
2020-03-20 00:00:00-04:00,59.725089265820536,60.84865193316744,55.090706190239764,55.390323638916016,401693200
2020-03-23 00:00:00-04:00,55.1100377172106,55.21152015646839,51.372084613414366,54.21360397338867,336752800
2020-03-24 00:00:00-04:00,57.1106940064076,59.84831571056435,56.61294527600062,59.6525993347168,287531200
2020-03-25 00:00:00-04:00,60.587696143364745,62.399890444761496,59.02920978154729,59.32399368286133,303602000
2020-03-26 00:00:00-04:00,59.565620375975534,62.503788640032134,59.526959345508246,62.44580078125,252087200
2020-03-27 00:00:00-04:00,61.07094946417779,61.82482113234886,59.69368249851185,59.86040496826172,204216800
2020-03-30 00:00:00-04:00,60.585290832590246,61.74026255580425,60.26150926393229,61.56870651245117,167976400
2020-03-31 00:00:00-04:00,61.7595949233472,63.424393901395085,60.8897400197262,61.44306182861328,197002000
2020-04-01 00:00:00-04:00,59.56079010801558,60.09719995282628,57.78000823267317,58.21010208129883,176218400
2020-04-02 00:00:00-04:00,58.072368803656616,59.234588810411715,57.24117510511811,59.18143081665039,165934000
2020-04-03 00:00:00-04:00,58.66677342106095,59.3674871060243,57.741345715951596,58.33091354370117,129880000
2020-04-06 00:00:00-04:00,60.62393105385243,63.57418094682844,60.256662375458305,63.4195442199707,201820400
2020-04-07 00:00:00-04:00,65.43229047893388,65.64975968703479,62.58110782117214,62.68500518798828,202887200
2020-04-08 00:00:00-04:00,63.484794969799864,64.60352421399418,63.1199448269442,64.28941345214844,168895200
2020-04-09 00:00:00-04:00,64.9248861243381,65.25591244712727,63.95838246710248,64.75332641601562,161834800
2020-04-13 00:00:00-04:00,64.83064420547504,66.13301133720609,64.23140932290158,66.02427673339844,131022800
2020-04-14 00:00:00-04:00,67.65526649113433,69.64868059310524,67.18409293567838,69.35872650146484,194994800
2020-04-15 00:00:00-04:00,68.23515430833677,69.18474234820361,67.80747910974512,68.72565460205078,131154400
2020-04-16 00:00:00-04:00,69.43845862105105,69.63659364674618,68.22308052874929,69.27173614501953,157125200
2020-04-17 00:00:00-04:00,68.78849422470407,69.3345712466482,66.8965588537916,68.33181762695312,215250000
2020-04-20 00:00:00-04:00,67.15992291899424,68.06118282102301,66.89413295001411,66.91345977783203,130015200
2020-04-21 00:00:00-04:00,66.75640021366904,66.99077762058634,64.1347578473476,64.84513854980469,180991600
2020-04-22 00:00:00-04:00,66.11125999851906,67.14783719048366,65.77057396314187,66.7129135131836,116862400
2020-04-23 00:00:00-04:00,66.65734876053877,68.07811050746528,66.41572281375096,66.45438385009766,124814400
2020-04-24 00:00:00-04:00,66.9787077583751,68.3825537591584,66.93037962499518,68.37288665771484,126161200
2020-04-27 00:00:00-04:00,68.09018514896542,68.7522452213369,67.64318307081028,68.42121887207031,117087600
2020-04-28 00:00:00-04:00,68.88270980207805,69.06392923095741,67.22032976851494,67.31214141845703,112004800
2020-04-29 00:00:00-04:00,68.79813268535943,69.99176500480674,68.59516785102663,69.52301025390625,137280800
2020-04-30 00:00:00-04:00,70.06183497622997,71.16606696831562,69.67282086621682,70.98967742919922,183064000
2020-05-01 00:00:00-04:00,69.1654300495363,72.24616099497416,69.06878114170213,69.84681701660156,240616800
2020-05-04 00:00:00-04:00,69.8709599457229,70.96310628408554,69.18232470328076,70.83504486083984,133568000
2020-05-05 00:00:00-04:00,71.29414381435919,72.7294023781066,71.14916678667844,71.89820861816406,147751200
2020-05-06 00:00:00-04:00,72.59892736503848,73.27064717863384,72.21474300795924,72.64000701904297,142333600
2020-05-07 00:00:00-04:00,73.26581377672255,73.73698728324429,72.96378136839786,73.3914566040039,115215200
2020-05-08 00:00:00-04:00,74.05046319414457,75.19159993074032,73.72338371341871,75.13829803466797,133838400
2020-05-11 00:00:00-04:00,74.64646215282984,76.81486350373997,74.4380975285037,76.32061767578125,145946400
2020-05-12 00:00:00-04:00,77.00385895047138,77.45450365262057,75.32728527754581,75.44842529296875,162301200
2020-05-13 00:00:00-04:00,75.6276896528906,76.54835795686193,73.46170617265714,74.53742980957031,200622400
2020-05-14 00:00:00-04:00,73.77668558751988,75.05592369907653,73.05468852162736,74.99535369873047,158929200
2020-05-15 00:00:00-04:00,72.76880175811006,74.59801285788724,72.73487900802405,74.5519790649414,166348400
2020-05-18 00:00:00-04:00,75.87482634655969,76.68161544536761,75.18432690881329,76.30850219726562,135178400
2020-05-19 00:00:00-04:00,76.32547436249678,77.17102926581177,75.83607138413613,75.86756896972656,101729600
2020-05-20 00:00:00-04:00,76.72522208271401,77.41329633678234,76.68645639876391,77.3430404663086,111504800
2020-05-21 00:00:00-04:00,77.20493698671349,77.7452239875939,76.5289737926269,76.76641082763672,102688800
2020-05-22 00:00:00-04:00,76.50473859508931,77.34303256146072,76.40298515469343,77.26065826416016,81803200
2020-05-26 00:00:00-04:00,78.37756788987811,78.55685269616119,76.68160815192094,76.73733520507812,125522000
2020-05-27 00:00:00-04:00,76.59440888025136,77.21706291080646,75.85545038481993,77.07169342041016,112945200
2020-05-28 00:00:00-04:00,76.74704422339656,78.36305531429218,76.47084882755918,77.10562133789062,133560800
2020-05-29 00:00:00-04:00,77.34788086093664,77.80821132778638,76.67434283627068,77.0304946899414,153532400
2020-06-01 00:00:00-04:00,76.9844643152945,78.09895371175787,76.85363105469186,77.97781372070312,80791200
2020-06-02 00:00:00-04:00,77.71129433668344,78.36302799682535,77.27034305104888,78.33879852294922,87642800
2020-06-03 00:00:00-04:00,78.65861096933926,79.03172416978924,78.08682643155123,78.77005767822266,104491200
2020-06-04 00:00:00-04:00,78.59322678635277,78.89122650754646,77.71859198536116,78.09170532226562,87560400
2020-06-05 00:00:00-04:00,78.34123829521202,80.37638878570603,78.31216587865904,80.3158187866211,137250400
2020-06-08 00:00:00-04:00,80.01297082329648,80.82461031040765,79.30309219050388,80.79068756103516,95654400
2020-06-09 00:00:00-04:00,80.47086919688729,83.73437314923221,80.439371619184,83.34188079833984,147712400
2020-06-10 00:00:00-04:00,84.28920501230608,85.95366732051313,83.85067883247099,85.48606872558594,166651600
2020-06-11 00:00:00-04:00,84.63081897651477,85.05480894028344,81.28009011611704,81.38184356689453,201662400
2020-06-12 00:00:00-04:00,83.51875818704126,84.26497730063338,80.97481830000675,82.08445739746094,200146000
2020-06-15 00:00:00-04:00,80.73979728329574,83.75133543445982,80.57746645559173,83.09960174560547,138808800
2020-06-16 00:00:00-04:00,85.15172849785749,85.57330073439438,83.51876362996565,85.30194091796875,165428800
2020-06-17 00:00:00-04:00,86.04575148687181,86.10632149459083,85.062095153019,85.18323516845703,114406400
2020-06-18 00:00:00-04:00,85.13960882948713,85.63386205994001,84.60901508072114,85.2171401977539,96820400
2020-06-19 00:00:00-04:00,85.92219218783181,86.38736569840516,83.62294970746999,84.73017120361328,264476000
2020-06-22 00:00:00-04:00,85.12264593038505,87.08995815364833,85.07661214341427,86.94701385498047,135445200
2020-06-23 00:00:00-04:00,88.18989613632456,90.22020316994305,87.77074918797572,88.80286407470703,212155600
2020-06-24 00:00:00-04:00,88.4321923624518,89.35043555341034,86.86221543627708,87.2353286743164,192623200
2020-06-25 00:00:00-04:00,87.39039728120305,88.43219830369976,86.63205971274161,88.3934326171875,137522400
2020-06-26 00:00:00-04:00,88.28926872428524,88.50974444409714,85.52969556777586,85.677490234375,205256800
2020-06-29 00:00:00-04:00,85.5854132789762,87.74655421504602,85.10812136493809,87.65206146240234,130646000
2020-06-30 00:00:00-04:00,87.24017383067029,88.66963165860406,87.22079468512266,88.38373565673828,140223200
2020-07-01 00:00:00-04:00,88.46128846235408,89.00399339477583,88.16813167944413,88.21658325195312,110737200
2020-07-02 00:00:00-04:00,89.12271564409322,89.75748817622227,88.10271872934692,88.21658325195312,114041600
2020-07-06 00:00:00-04:00,89.64358330482388,91.04396114826625,89.61208572768216,90.57636260986328,118655600
2020-07-07 00:00:00-04:00,90.95434344364946,91.73206023970783,90.18389475245895,90.29534149169922,112424400
2020-07-08 00:00:00-04:00,91.27172253001288,92.42982064230873,91.18449788463136,92.39832305908203,117092000
2020-07-09 00:00:00-04:00,93.28989244541889,93.34319433054527,91.74899550161554,92.79564666748047,125642800
2020-07-10 00:00:00-04:00,92.39105063414506,93.01613714978424,91.78050772022172,92.9579849243164,90257200
2020-07-13 00:00:00-04:00,94.26144459491981,96.8683794397454,92.31593673037001,92.52914428710938,191649200
2020-07-14 00:00:00-04:00,91.91133403395911,94.25175963929699,90.97856198164641,94.06036376953125,170989200
2020-07-15 00:00:00-04:00,95.9331964647362,96.18274459430761,93.51039621887803,94.70726013183594,153198000
2020-07-16 00:00:00-04:00,93.58064343111674,94.39712579079603,92.94344589283693,93.54187774658203,110577600
2020-07-17 00:00:00-04:00,93.99252033438566,94.14757567538506,92.88044872986721,93.35289764404297,92186800
2020-07-20 00:00:00-04:00,93.44013312925429,95.45832232514117,93.09609226760277,95.32022094726562,90318000
2020-07-21 00:00:00-04:00,96.11004463336359,96.18515083470295,93.75508296201137,94.00463104248047,103433200
2020-07-22 00:00:00-04:00,93.70663875417605,94.94953641432485,93.6194214977863,94.26873016357422,89001600
2020-07-23 00:00:00-04:00,94.00221048521436,94.0797418561393,89.16872914510222,89.97794342041016,197004400
2020-07-24 00:00:00-04:00,88.17780532258647,90.09908386887433,86.39219558540321,89.75504302978516,185438800
2020-07-27 00:00:00-04:00,90.81623268150157,91.97433076494785,90.59333922603253,91.88226318359375,121214000
2020-07-28 00:00:00-04:00,91.45344592380489,91.63031301270213,90.36802869554506,90.37287902832031,103625600
2020-07-29 00:00:00-04:00,90.85499791564365,92.28929873601002,90.81865739523712,92.10516357421875,90329200
2020-07-30 00:00:00-04:00,91.27897773393107,93.32382125064892,90.87194916313929,93.21964263916016,158130000
2020-07-31 00:00:00-04:00,99.7079111699714,103.12890351490226,97.7115189842411,102.97869110107422,374336800
2020-08-03 00:00:00-04:00,104.85878784183842,108.19013805785316,104.56078815454649,105.57351684570312,308151200
2020-08-04 00:00:00-04:00,105.76246122490508,107.36877839967022,105.04046434663174,106.27851867675781,173071600
2020-08-05 00:00:00-04:00,105.99992773294753,106.98358396526419,105.53474686841106,106.66377258300781,121776800
2020-08-06 00:00:00-04:00,106.99569046941184,110.87943850296628,106.40695185464003,110.38518524169922,202428800
2020-08-07 00:00:00-04:00,109.90702677912203,110.36333556331454,107.07937744727452,107.87548828125,198045600
2020-08-10 00:00:00-04:00,109.31965534861051,110.46042737696229,106.79540187658976,109.44344329833984,212403600
2020-08-11 00:00:00-04:00,108.7080157903305,109.20558233257063,105.9289051039155,106.18861389160156,187902400
2020-08-12 00:00:00-04:00,107.27841885849969,109.97500693123462,107.0842483400898,109.71772766113281,165598000
2020-08-13 00:00:00-04:00,111.096349513322,112.66187605488997,110.60848630688241,111.65945434570312,210082000
2020-08-14 00:00:00-04:00,111.48469489954057,111.64974056440289,109.75169319709691,111.5599365234375,165565200
2020-08-17 00:00:00-04:00,112.68128278727484,112.70555595050736,110.64246299694389,111.26866912841797,119561600
2020-08-18 00:00:00-04:00,111.02109807418744,112.62060097941455,110.68614768785797,112.19584655761719,105633600
2020-08-19 00:00:00-04:00,112.60362178027331,113.74924556112234,112.24197605902953,112.33663177490234,145538000
2020-08-20 00:00:00-04:00,112.37788158405773,114.94340001045877,112.36088962986535,114.8293228149414,126907200
2020-08-21 00:00:00-04:00,115.78804760558032,121.22976157375017,115.77591472831364,120.74675750732422,338054800
2020-08-24 00:00:00-04:00,124.94819288976294,125.03315266970756,120.32686973134855,122.19093322753906,345937600
2020-08-25 00:00:00-04:00,121.06473415847236,121.53317587987507,119.46765321039159,121.18851470947266,211495600
2020-08-26 00:00:00-04:00,122.50404983764719,123.29287960664668,121.43851930194522,122.8365707397461,163022400
2020-08-27 00:00:00-04:00,123.43850018201364,123.77102105443406,120.22492431150832,121.36812591552734,155552400
2020-08-28 00:00:00-04:00,122.34140581995463,122.75887903183632,120.9482136928383,121.17151641845703,187630000
2020-08-31 00:00:00-04:00,123.86325036863211,127.18361471555613,122.32927827603109,125.28070831298828,225702700
2020-09-01 00:00:00-04:00,128.8923509024096,130.87292869764627,126.72732074484928,130.27098083496094,151948100
2020-09-02 00:00:00-04:00,133.5816315551226,133.96026921891615,123.30015014927834,127.57196044921875,200119000
2020-09-03 00:00:00-04:00,123.2127566068483,125.08652314181086,116.98949446613267,117.3584213256836,257599600
2020-09-04 00:00:00-04:00,116.57201739853643,120.09626245606614,107.65945674214083,117.43608856201172,332607200
2020-09-08 00:00:00-04:00,110.63031858211357,115.52349034053138,109.3973204514996,109.53324127197266,231366600
2020-09-09 00:00:00-04:00,113.8439033465614,115.66913123084257,111.90216871799983,113.90215301513672,176940500
2020-09-10 00:00:00-04:00,116.85359229498353,116.98951312845449,109.22257449751976,110.18373107910156,182274400
2020-09-11 00:00:00-04:00,111.23224987919093,111.87302575822105,106.7953872680664,108.73712158203125,180860300
2020-09-14 00:00:00-04:00,111.377905426981,112.55265405113641,109.51384186173257,111.99925994873047,140150100
2020-09-15 00:00:00-04:00,114.88273194668369,115.36816560750079,110.30023700342959,112.17401123046875,184642000
2020-09-16 00:00:00-04:00,111.8730523722857,112.62061700186764,108.77598303445264,108.86335754394531,154679000
2020-09-17 00:00:00-04:00,106.52357050283204,108.93131746592069,105.5429923714999,107.12550354003906,178011000
2020-09-18 00:00:00-04:00,107.18375552641913,107.64976770036112,102.99931226553164,103.72746276855469,287104900
2020-09-21 00:00:00-04:00,101.49446425369291,106.97986575435861,100.0964130289504,106.8730697631836,195713800
2020-09-22 00:00:00-04:00,109.39732289119372,109.57207929386054,105.97987340331184,108.55266571044922,183055400
2020-09-23 00:00:00-04:00,108.36820848614498,108.84393137946276,103.65949625131259,103.99930572509766,150718700
2020-09-24 00:00:00-04:00,102.10611250444195,107.03812018263172,101.94106684060164,105.0672607421875,167743300
2020-09-25 00:00:00-04:00,105.27114952311253,109.16432976181966,104.53328824582925,109.00898742675781,149981400
2020-09-28 00:00:00-04:00,111.65946247086177,111.96042899652844,109.49442489570826,111.61091613769531,137672400
2020-09-29 00:00:00-04:00,111.21284078207377,111.95069452133387,110.26138766643038,110.7662353515625,99382200
2020-09-30 00:00:00-04:00,110.47497075139586,113.84388085140603,110.30992511829172,112.43611907958984,142675200
2020-10-01 00:00:00-04:00,114.21281650793448,114.29048766143629,112.45554925094682,113.38758087158203,116120400
2020-10-02 00:00:00-04:00,109.60122215328667,112.00897660747881,108.95074276136629,109.72743225097656,144712000
2020-10-05 00:00:00-04:00,110.59148327223437,113.2516572532297,110.24197049725645,113.10602569580078,106243800
2020-10-06 00:00:00-04:00,112.32934639868184,112.73711630408881,108.97985709448719,109.86334991455078,161498200
2020-10-07 00:00:00-04:00,111.28080369994235,112.18371051307483,110.80507342782535,111.72740173339844,96849000
2020-10-08 00:00:00-04:00,112.86332203954677,113.00895361392693,111.25167878876417,111.62061309814453,83477200
2020-10-09 00:00:00-04:00,111.92158685077898,113.59147987684435,111.57207401243367,113.5623550415039,100506900
2020-10-12 00:00:00-04:00,116.56233357489269,121.53317715466372,115.80505821466257,120.7759017944336,240226800
2020-10-13 00:00:00-04:00,121.62055188862823,121.73705863931524,116.1642820228976,117.57203674316406,262330500
2020-10-14 00:00:00-04:00,117.47495664988062,119.44581630770881,116.13516229019277,117.659423828125,150712000
2020-10-15 00:00:00-04:00,115.26135855246798,117.66910513115165,114.70796452850907,117.1933822631836,112559200
2020-10-16 00:00:00-04:00,117.74678982617324,118.0089281560019,115.34874631090426,115.55262756347656,115393800
2020-10-19 00:00:00-04:00,116.46522833536906,116.91182635817701,112.29050382279274,112.60118103027344,120639300
2020-10-20 00:00:00-04:00,112.81479042703165,115.51380805714416,112.26139629791038,114.08663177490234,124423700
2020-10-21 00:00:00-04:00,113.27107023085922,115.25164013400696,113.05747826966751,113.46524810791016,89946000
2020-10-22 00:00:00-04:00,114.02837075211397,114.60118635769001,111.25168945435153,112.37789916992188,101988000
2020-10-23 00:00:00-04:00,112.99924512599237,113.15458745033783,110.95071451824744,111.6885757446289,82572600
2020-10-26 00:00:00-04:00,110.688585063703,113.15458894171616,109.59150025316038,111.69828796386719,111850700
2020-10-27 00:00:00-04:00,112.12546171107986,113.86331505621116,111.20314074462335,113.203125,92276800
2020-10-28 00:00:00-04:00,111.69826296686081,112.06718979878684,107.86333347246799,107.96041870117188,143937800
2020-10-29 00:00:00-04:00,109.09637051307503,113.52352341003616,108.93131742851756,111.9604263305664,146129200
2020-10-30 00:00:00-04:00,107.82453453612558,108.7274415434045,104.58184087142044,105.68862915039062,190272600
2020-11-02 00:00:00-05:00,105.93131786786421,107.45557903361015,104.19346473885868,105.6012191772461,122866900
2020-11-03 00:00:00-05:00,106.46532742335162,108.24200921576619,105.56242040449504,107.22260284423828,107624400
2020-11-04 00:00:00-05:00,110.81480370001444,112.22255845771816,109.07695017681739,111.60120391845703,138235500
2020-11-05 00:00:00-05:00,114.51377102362441,116.13512470354975,113.46524018924022,115.56230926513672,126387100
2020-11-06 00:00:00-05:00,115.07120221763194,115.92703675245446,112.94133225108231,115.43104553222656,114457900
2020-11-09 00:00:00-05:00,117.19133287792215,118.6404186508716,112.86352313794548,113.12610626220703,154515300
2020-11-10 00:00:00-05:00,112.37724727765978,114.36122671431826,110.99623179932811,112.78571319580078,138023400
2020-11-11 00:00:00-05:00,113.97224059958567,116.3452388928094,113.24283383562194,116.2090835571289,112295000
2020-11-12 00:00:00-05:00,116.33549817445764,117.22050769938583,115.31432591809406,115.93675231933594,103162300
2020-11-13 00:00:00-05:00,116.16043232778478,116.3841128585817,114.63354150747742,115.9853744506836,81581900
2020-11-16 00:00:00-05:00,115.65472831052979,117.66789057082231,114.90587400574458,116.99684143066406,91183000
2020-11-17 00:00:00-05:00,116.26742672482064,117.35666927518157,115.6936229499769,116.11181640625,74271000
2020-11-18 00:00:00-05:00,115.35324564020682,116.53002096182686,114.75999422898965,114.78916931152344,76322100
2020-11-19 00:00:00-05:00,114.36123584529591,115.79087409284412,113.60265410249275,115.38240814208984,74113000
2020-11-20 00:00:00-05:00,115.38241090893905,115.50883872913519,114.06948036722605,114.11810302734375,73604300
2020-11-23 00:00:00-05:00,113.96251344016258,114.39043445067523,110.6266928661709,110.72394561767578,127959300
2020-11-24 00:00:00-05:00,110.782277431187,112.66900411514756,109.49851469831438,112.00767517089844,113874200
2020-11-25 00:00:00-05:00,112.37726952874067,113.54431736019659,112.00769869351593,112.84408569335938,76499200
2020-11-27 00:00:00-05:00,113.36924718338975,114.26398425207363,113.02885888768483,113.3886947631836,46691300
2020-11-30 00:00:00-05:00,113.75827627180732,117.64844554887398,113.6026659391683,115.78116607666016,169410200
2020-12-01 00:00:00-05:00,117.68734871878834,120.07980194572332,116.71480639467286,119.35039520263672,127728200
2020-12-02 00:00:00-05:00,118.66960823368215,119.98254627518949,117.57063810536371,119.70050811767578,89004200
2020-12-03 00:00:00-05:00,120.1284381742077,120.38130128460415,118.85440996013128,119.56436920166016,78967600
2020-12-04 00:00:00-05:00,119.23366830409037,119.48653134532607,118.18332098194936,118.89328002929688,78260400
2020-12-07 00:00:00-05:00,118.95165604515132,121.14960390007961,118.89330587676078,120.35211944580078,86712000
2020-12-08 00:00:00-05:00,120.95509315138429,121.54834457068203,119.71023272701726,120.96481323242188,82225500
2020-12-09 00:00:00-05:00,121.1106943933289,122.49170271232049,117.67762117756554,118.43620300292969,115089200
2020-12-10 00:00:00-05:00,117.1913458248472,120.46881600995408,116.85095750767795,119.85610961914062,81312200
2020-12-11 00:00:00-05:00,119.06835963048555,119.38930038520903,117.23998269251022,119.04891204833984,86939800
2020-12-14 00:00:00-05:00,119.23368741163418,119.96309415447033,118.20279492279666,118.43620300292969,79184500
2020-12-15 00:00:00-05:00,120.92590514212858,124.3881607505194,120.72167215100104,124.36870574951172,157243700
2020-12-16 00:00:00-05:00,123.91161007354079,124.84524231148528,123.08494323552482,124.30062103271484,98208600
2020-12-17 00:00:00-05:00,125.3606965932024,126.02203307421959,124.52430962121518,125.16619110107422,94359800
2020-12-18 00:00:00-05:00,125.41905534776451,125.5552106694522,122.65703149372492,123.18220520019531,192541500
2020-12-21 00:00:00-05:00,121.58722395031434,124.78688871478423,120.06033297589273,124.7090835571289,121251600
2020-12-22 00:00:00-05:00,127.99627481697722,130.71939584455194,126.09008564573021,128.2588653564453,168904800
2020-12-23 00:00:00-05:00,128.53119883757725,128.79377458393498,127.18908566358635,127.36415100097656,88223700
2020-12-24 00:00:00-05:00,127.71421293650374,129.7954520660354,127.5002525254462,128.3463592529297,54930100
2020-12-28 00:00:00-05:00,130.31090716142057,133.56891393850847,129.84407631948096,132.936767578125,124486200
2020-12-29 00:00:00-05:00,134.2594552546887,134.979126993658,130.65131712079605,131.16676330566406,121047300
2020-12-30 00:00:00-05:00,131.85725339811574,132.25599920161764,129.7371040047212,130.04832458496094,96452100
2020-12-31 00:00:00-05:00,130.39844854670574,131.040329904096,128.10324856194674,129.04661560058594,99116600
2021-01-04 00:00:00-05:00,129.85383061033397,129.94135584132596,123.27944367028935,125.85668182373047,143301900
2021-01-05 00:00:00-05:00,125.35096549709283,128.12271674575476,124.90358954867594,127.41275024414062,97664900
2021-01-06 00:00:00-05:00,124.21309026097016,127.4516575492309,122.9098798620693,123.12384033203125,155088000
2021-01-07 00:00:00-05:00,124.83551263774474,128.01572966594065,124.34924155623901,127.3252182006836,109578200
2021-01-08 00:00:00-05:00,128.79375026318803,128.9882705657379,126.65416049347947,128.4241943359375,105158200
2021-01-11 00:00:00-05:00,125.64273985954293,126.59582714131227,124.97168331019907,125.4384994506836,100384500
2021-01-12 00:00:00-05:00,124.97169257758259,126.12902035403391,123.37672370948479,125.26345825195312,91951100
2021-01-13 00:00:00-05:00,125.22453884607683,127.84067995815208,124.96196311469332,127.29605865478516,88636800
2021-01-14 00:00:00-05:00,127.20855754840598,127.40306307368417,125.22456260703547,125.37045288085938,90221800
2021-01-15 00:00:00-05:00,125.24400143779671,126.64446478265978,123.51287725867944,123.64903259277344,111598500
2021-01-19 00:00:00-05:00,124.27146878816617,125.17594095218084,123.45453671989587,124.32009887695312,90757300
2021-01-20 00:00:00-05:00,125.12732167824589,128.8521612360096,125.02034140959604,128.40478515625,104319500
2021-01-21 00:00:00-05:00,130.12616498605254,135.83498363825382,129.9219245699571,133.1118621826172,120150900
2021-01-22 00:00:00-05:00,132.53806351525557,136.01004665089906,131.31266555904966,135.25146484375,114459400
2021-01-25 00:00:00-05:00,139.14160249614895,141.1061268129052,132.790889061693,138.99571228027344,157611700
2021-01-26 00:00:00-05:00,139.65709277779112,140.33786948106203,137.48831256904506,139.2291717529297,98390600
2021-01-27 00:00:00-05:00,139.49171024148978,140.3378319835939,136.55464370074296,138.15933227539062,140843800
2021-01-28 00:00:00-05:00,135.68907538027003,138.0912555090123,132.94649958704122,133.32579040527344,142621100
2021-01-29 00:00:00-05:00,132.10041903740844,132.98543606950525,126.63473619885515,128.33668518066406,177523800
2021-02-01 00:00:00-05:00,130.07752674070377,131.66277536673383,127.3349504556567,130.45681762695312,106239800
2021-02-02 00:00:00-05:00,132.0031648608857,132.56724118693242,130.91392221186754,131.2834930419922,83305400
2021-02-03 00:00:00-05:00,132.0323330550851,132.0420679752551,129.9413731133275,130.26231384277344,89880900
2021-02-04 00:00:00-05:00,132.55753183488522,133.62731956895118,130.8944778045398,133.6175994873047,84183100
2021-02-05 00:00:00-05:00,133.77826657108233,133.84643851699295,132.32700815681875,133.20359802246094,75693800
2021-02-08 00:00:00-05:00,132.49261062393538,133.39843419416206,131.411474992241,133.3497314453125,71297200
2021-02-09 00:00:00-05:00,133.0672978062939,134.29454199245745,132.3173317614118,132.47315979003906,76774200
2021-02-10 00:00:00-05:00,132.9308835611612,133.42763071013312,130.9049714138388,131.86923217773438,73046600
2021-02-11 00:00:00-05:00,132.3660090757308,132.84327231685143,130.29140835043972,131.6160430908203,64280000
2021-02-12 00:00:00-05:00,130.8563427159905,132.00565063537698,130.21350191599643,131.8498077392578,60145100
2021-02-16 00:00:00-05:00,131.96667922879305,132.4731462786685,129.33687901923372,129.7264862060547,80576300
2021-02-17 00:00:00-05:00,127.83691038959827,128.781687221056,126.10319957479774,127.43756866455078,97918500
2021-02-18 00:00:00-05:00,125.8402278328021,126.61942728077476,124.09678225798234,126.33697509765625,96856700
2021-02-19 00:00:00-05:00,126.85321691724961,127.31099612706664,125.4506606030865,126.49282836914062,87668800
2021-02-22 00:00:00-05:00,124.68116782712916,126.34670679460257,122.33384236261952,122.72344207763672,103916400
2021-02-23 00:00:00-05:00,120.54167021086835,123.41495360711981,115.31131234938887,122.5870590209961,158273000
2021-02-24 00:00:00-05:00,121.691012957123,122.29488547484925,119.0514857660057,122.09034729003906,111039900
2021-02-25 00:00:00-05:00,121.43776543888308,123.17147632846172,117.40542445743719,117.84371948242188,148199500
2021-02-26 00:00:00-05:00,119.40211317040608,121.6033452358005,118.04825992472897,118.10670471191406,164560400
2021-03-01 00:00:00-05:00,120.53196779868955,124.60327011935185,119.59693281900122,124.46691131591797,116307900
2021-03-02 00:00:00-05:00,125.07077944616279,125.3727157063762,121.75919289657611,121.8663330078125,102260900
2021-03-03 00:00:00-05:00,121.56438254510716,122.44098002866822,118.6716145648539,118.88589477539062,112966300
2021-03-04 00:00:00-05:00,118.58395606502583,120.38584631369558,115.53535272389263,117.0060806274414,178155000
2021-03-05 00:00:00-05:00,117.83398211644732,118.7690169305712,114.5126538027712,118.26253509521484,153766600
2021-03-08 00:00:00-05:00,117.78528895665244,117.85346835184752,113.1880285063647,113.3341293334961,154376600
2021-03-09 00:00:00-05:00,115.93467289998051,118.88587781443627,115.7009160813788,117.94110107421875,129525800
2021-03-10 00:00:00-05:00,118.52552453136408,118.99303824849771,116.34376908141869,116.85999298095703,111943300
2021-03-11 00:00:00-05:00,119.35344013159282,120.00601550084401,118.10672676018821,118.78852081298828,103026500
2021-03-12 00:00:00-05:00,117.26907585524096,118.01904922400895,116.0613233493951,117.8826904296875,88105100
2021-03-15 00:00:00-04:00,118.25279852383531,120.77544332973144,117.28853761790177,120.76570129394531,92403800
2021-03-16 00:00:00-04:00,122.43122794234345,123.91170522216095,121.47671654048351,122.30461120605469,115227900
2021-03-17 00:00:00-04:00,120.82415767726631,122.58708734300565,119.15861865475401,121.51569366455078,111932600
2021-03-18 00:00:00-04:00,119.68457136117527,119.97677300065472,117.19114511333716,117.39568328857422,121229700
2021-03-19 00:00:00-04:00,116.78206442899135,118.27227638684158,116.56778422545804,116.86972045898438,185549500
2021-03-22 00:00:00-04:00,117.20087361999786,120.64881838524362,117.13269423612276,120.1812973022461,111912300
2021-03-23 00:00:00-04:00,120.12286614601692,121.00919818208511,118.9638091293934,119.35340881347656,95467100
2021-03-24 00:00:00-04:00,119.62612832333967,119.70404974763237,116.94764066899515,116.96711730957031,88530500
2021-03-25 00:00:00-04:00,116.43143354135354,118.49630686413842,115.9054750318424,117.4541244506836,98844700
2021-03-26 00:00:00-04:00,117.22036189731419,118.32098161470867,115.82754797615723,118.05799865722656,94071200
2021-03-29 00:00:00-04:00,118.4865630734955,119.39237925463331,117.59048892877756,118.23332214355469,80819200
2021-03-30 00:00:00-04:00,116.98659687346046,117.26905645239088,115.76910253203405,116.78205871582031,85671900
2021-03-31 00:00:00-04:00,118.48656634745086,120.30793336547684,117.99956854695249,118.97356414794922,118323800
2021-04-01 00:00:00-04:00,120.44428559619276,120.95075998024407,119.30470522783453,119.80144500732422,75089100
2021-04-05 00:00:00-04:00,120.64880535956569,122.87925557838034,119.86960611569346,122.62601470947266,88651200
2021-04-06 00:00:00-04:00,123.21041517846321,123.82402959075506,122.38252059429308,122.9279556274414,80171300
2021-04-07 00:00:00-04:00,122.55785759372996,124.59350465582355,121.88579830959569,124.57402801513672,83466700
2021-04-08 00:00:00-04:00,125.59673249128127,126.99928856495599,125.17792150755567,126.9700698852539,88844600
2021-04-09 00:00:00-04:00,126.4246443564377,129.58038090088027,126.10322399320837,129.5414276123047,106686700
2021-04-12 00:00:00-04:00,129.07392286215278,129.39534324785052,127.23307146188088,127.82720947265625,91420000
2021-04-13 00:00:00-04:00,128.99596262492872,131.15823376064404,128.49921542278324,130.9342041015625,91266500
2021-04-14 00:00:00-04:00,131.43096458655666,131.4894019428346,128.2362603060902,128.5966339111328,87222800
2021-04-15 00:00:00-04:00,130.34013136412574,131.4894393296933,130.16480438344763,131.00244140625,89347100
2021-04-16 00:00:00-04:00,130.8076234498389,131.16799709740084,129.81414368991753,130.6712646484375,84922400
2021-04-19 00:00:00-04:00,130.0381412567294,131.9471790846723,129.87256379574342,131.33355712890625,94264200
2021-04-20 00:00:00-04:00,131.50889480005515,132.0056272235911,128.38236227240412,129.6485595703125,94812300
2021-04-21 00:00:00-04:00,128.9180574819885,130.27191076385841,127.88562452974153,130.02841186523438,68847100
2021-04-22 00:00:00-04:00,129.58037371612286,130.66150947358742,127.99277092528317,128.5089874267578,84566500
2021-04-23 00:00:00-04:00,128.72326849315886,131.60628729046172,128.72326849315886,130.8271026611328,78657500
2021-04-26 00:00:00-04:00,131.3237996328013,131.54781441014728,130.0868213316481,131.21665954589844,66905100
2021-04-27 00:00:00-04:00,131.49912083847275,131.88872793710226,130.62253087504087,130.89524841308594,66015800
2021-04-28 00:00:00-04:00,130.81738183639615,131.50892543763737,129.61937108759528,130.1063690185547,107760100
2021-04-29 00:00:00-04:00,132.92117853809344,133.50558183329358,129.00571212903608,130.00892639160156,151101000
2021-04-30 00:00:00-04:00,128.35314426527148,130.08685531571498,127.66161568350715,128.04147338867188,109839500
2021-05-03 00:00:00-04:00,128.6063859381181,130.58361088598772,128.40185516343865,129.0933837890625,75135100
2021-05-04 00:00:00-04:00,127.77848641989287,128.070688075214,123.40524078183631,124.52533721923828,137564700
2021-05-05 00:00:00-04:00,125.84022317213565,127.05771762012843,124.64221279666873,124.76883697509766,84000900
2021-05-06 00:00:00-04:00,124.56429033642047,126.37592265450229,123.82405163749547,126.3661880493164,78128300
2021-05-07 00:00:00-04:00,127.66377528867821,128.06378037045894,126.3271250126097,127.03936004638672,78973300
2021-05-10 00:00:00-04:00,126.25886899143829,126.38569336703041,123.7221730582719,123.76119995117188,88071200
2021-05-11 00:00:00-04:00,120.49278076667929,123.19532812082859,119.78055295740043,122.84410095214844,126142800
2021-05-12 00:00:00-04:00,120.39521236408822,121.60501628867115,119.27321336720668,119.78054809570312,112172300
2021-05-13 00:00:00-04:00,121.54648377421124,123.07825403932372,121.23427605914434,121.92698669433594,105861300
2021-05-14 00:00:00-04:00,123.17579601015879,124.7758612004647,122.78553457368028,124.34657287597656,81918000
2021-05-17 00:00:00-04:00,123.73191527246206,123.83923735283338,122.12209151050999,123.19530487060547,74244600
2021-05-18 00:00:00-04:00,123.47826668103308,123.89779649597985,121.74161080080381,121.80990600585938,63342900
2021-05-19 00:00:00-04:00,120.16105011854478,121.87818865261369,119.86835215925528,121.65379333496094,92612000
2021-05-20 00:00:00-04:00,122.18063773268084,124.61000384937135,122.05379848438088,124.2099838256836,76857100
2021-05-21 00:00:00-04:00,124.7075655227382,124.88318279629019,122.16111877804317,122.37576293945312,79295400
2021-05-24 00:00:00-04:00,122.94164921888921,124.82465387319235,122.87335402183648,124.0051040649414,63092900
2021-05-25 00:00:00-04:00,124.70756311355534,125.19539548054684,123.24408834343369,123.80996704101562,72009500
2021-05-26 00:00:00-04:00,123.86852204574208,124.28805183989326,123.3416701570207,123.76119995117188,56575900
2021-05-27 00:00:00-04:00,123.3611810284224,124.5319579811851,122.03429651202822,122.22942352294922,94625600
2021-05-28 00:00:00-04:00,122.51236002849775,122.736762785055,121.51720038633076,121.57573699951172,71311100
2021-06-01 00:00:00-04:00,122.03429950032661,122.29772171588232,120.92205913488071,121.25377655029297,67637100
2021-06-02 00:00:00-04:00,121.25378754470101,122.19041070349643,121.02939220066231,122.0147933959961,59278900
2021-06-03 00:00:00-04:00,121.64403199734149,121.80989069682863,120.13177164794705,120.53179168701172,76229200
2021-06-04 00:00:00-04:00,121.04890215666704,123.08801464449839,120.83425795335646,122.8245849609375,75169300
2021-06-07 00:00:00-04:00,123.09774990370911,123.24409888195902,121.79038257021139,122.8343276977539,71057600
2021-06-08 00:00:00-04:00,123.51727161368726,125.331988404536,123.13676876123085,123.65386199951172,74403800
2021-06-09 00:00:00-04:00,124.1124318358548,124.63928371308171,123.43923097435068,124.03437805175781,56877900
2021-06-10 00:00:00-04:00,123.92704498219538,125.0685610035486,122.87334876469549,123.0392074584961,71186400
2021-06-11 00:00:00-04:00,123.44899075181716,124.33683580636276,123.02946096276283,124.2490234375,53522400
2021-06-14 00:00:00-04:00,124.70754811248429,127.36130912377853,123.97581081544413,127.30277252197266,96906500
2021-06-15 00:00:00-04:00,126.7759820170539,127.41991468464407,126.23937146072876,126.48328399658203,62746300
2021-06-16 00:00:00-04:00,127.19550206765987,127.70284430122783,125.3320216426943,126.9808578491211,91815000
2021-06-17 00:00:00-04:00,126.6393832290609,129.3224209462561,126.49302678487064,128.58091735839844,96721700
2021-06-18 00:00:00-04:00,127.52722244492858,128.30773056203458,127.06866573814787,127.28330993652344,108953300
2021-06-21 00:00:00-04:00,127.12720634134745,129.18582857227696,126.06375134431808,129.07850646972656,79663300
2021-06-22 00:00:00-04:00,128.91263161271146,130.8151460223462,128.4150406144124,130.7175750732422,74783600
2021-06-23 00:00:00-04:00,130.51268434910727,131.04929474301073,129.98582509428016,130.4443817138672,60214200
2021-06-24 00:00:00-04:00,131.1761533209972,131.36152922245495,129.69316099657445,130.16148376464844,68711000
2021-06-25 00:00:00-04:00,130.21025787505408,130.6297802366699,129.5760764313894,129.8687744140625,70783700
2021-06-28 00:00:00-04:00,130.1614419453381,131.95663398446408,130.10290533994575,131.49807739257812,62111300
2021-06-29 00:00:00-04:00,131.51761747124857,133.16646828417475,131.07857796707717,133.01036071777344,64556100
2021-06-30 00:00:00-04:00,132.85422833936676,134.06403942217588,132.56153042883813,133.625,63261400
2021-07-01 00:00:00-04:00,133.27379128495963,133.98601159157678,132.4542339993765,133.92747497558594,52485800
2021-07-02 00:00:00-04:00,134.54212006442484,136.5909908825578,134.39577852908815,136.55197143554688,78852600
2021-07-06 00:00:00-04:00,136.65931393358588,139.6643030810213,136.65931393358588,138.56182861328125,108181800
2021-07-07 00:00:00-04:00,140.04479519196917,141.3619286538461,139.1862333107396,141.0497283935547,104911600
2021-07-08 00:00:00-04:00,138.13250812343543,140.5521155930635,137.2446631833098,139.75209045410156,105575500
2021-07-09 00:00:00-04:00,139.27401905419063,142.1033977245654,139.17644811221814,141.57655334472656,99890800
2021-07-12 00:00:00-04:00,142.64978272453996,142.75710481226085,140.49358983023356,140.98141479492188,76299700
2021-07-13 00:00:00-04:00,140.52287651879445,143.8693639556699,140.1326224508896,142.0936737060547,100827100
2021-07-14 00:00:00-04:00,144.49375275658443,145.92795926693185,144.08396670742601,145.51817321777344,127050800
2021-07-15 00:00:00-04:00,145.6060054508676,146.34749406137325,143.50834910364574,144.864501953125,106820300
2021-07-16 00:00:00-04:00,144.8449961921481,146.1133292004128,142.32781756831105,142.8253936767578,93251400
2021-07-19 00:00:00-04:00,140.24968646910114,140.56190161268026,138.2203326975493,138.98133850097656,121434600
2021-07-20 00:00:00-04:00,139.96677643113202,143.51814236544809,139.47895135835654,142.5912628173828,96350000
2021-07-21 00:00:00-04:00,141.9863363279922,142.57173225410514,141.10825732605966,141.8594970703125,74993500
2021-07-22 00:00:00-04:00,142.38635852395822,144.59132208932277,142.25951926436974,143.2254180908203,77338200
2021-07-23 00:00:00-04:00,143.9571344380385,145.09864294509043,143.3424702853048,144.94253540039062,71447400
2021-07-26 00:00:00-04:00,144.65963709619385,146.18164879238583,144.1035094217646,145.3621063232422,72434100
2021-07-27 00:00:00-04:00,145.48892025406204,145.5767400665626,142.00585756681636,143.19615173339844,104818600
2021-07-28 00:00:00-04:00,141.28387882976534,143.391286472983,139.06914908747908,141.44973754882812,118931200
2021-07-29 00:00:00-04:00,141.16680912935195,142.9815188308623,141.05948702759235,142.0936737060547,56699500
2021-07-30 00:00:00-04:00,140.8643309559415,142.7668451974614,140.60090132642787,142.30828857421875,70440600
2021-08-02 00:00:00-04:00,142.7961201026742,143.37174997131473,141.71314811709883,141.97657775878906,62880000
2021-08-03 00:00:00-04:00,142.25949882463198,144.43519376937195,141.64483467000184,143.77175903320312,64786600
2021-08-04 00:00:00-04:00,143.6839649919127,144.191292221281,142.7180662311683,143.3717498779297,56368300
2021-08-05 00:00:00-04:00,143.40104166770632,144.2401013148973,142.61076750096896,143.47909545898438,46397700
2021-08-06 00:00:00-04:00,143.0002897194494,143.74288917370467,142.296768169296,142.7950897216797,54126800
2021-08-09 00:00:00-04:00,142.8537292225246,143.34228507821692,142.18930041536296,142.74624633789062,48908700
2021-08-10 00:00:00-04:00,143.0882262269222,144.3291621434574,141.97431959044943,142.2674560546875,69023100
2021-08-11 00:00:00-04:00,142.7071837820295,143.36184690994065,142.19908146277635,142.5215301513672,48493500
2021-08-12 00:00:00-04:00,142.8439937943236,145.63853447846216,142.50199865892714,145.48219299316406,72282600
2021-08-13 00:00:00-04:00,145.56034862237908,146.01959236929383,144.87637333214747,145.6873779296875,59375000
2021-08-16 00:00:00-04:00,145.1401825389347,147.72953779617734,143.117568833467,147.6611328125,103296000
2021-08-17 00:00:00-04:00,146.79148879708086,148.20829780218608,145.67758203815535,146.75241088867188,92229700
2021-08-18 00:00:00-04:00,146.37132185900873,147.27026274921596,142.80485554411644,143.0100555419922,86326000
2021-08-19 00:00:00-04:00,141.71052547158095,144.61254875765684,141.19265740190144,143.34230041503906,86960300
2021-08-20 00:00:00-04:00,144.06535347049768,145.10108950161558,143.42045616108942,144.79818725585938,60549600
2021-08-23 00:00:00-04:00,144.91543614181833,146.75241093803115,144.50505101044897,146.2834014892578,60131800
2021-08-24 00:00:00-04:00,146.0293121440176,147.40704295099573,145.7361757091974,146.19541931152344,48606400
2021-08-25 00:00:00-04:00,146.38108802855803,146.87942449217206,144.4170990582826,144.9642791748047,58991300
2021-08-26 00:00:00-04:00,144.95452843061085,145.70689371393732,144.13374326132688,144.16305541992188,48597200
2021-08-27 00:00:00-04:00,144.1044163600025,145.3453522818871,143.4692997760321,145.19879150390625,55802400
2021-08-30 00:00:00-04:00,145.58961599111578,149.9768520686175,145.20854309597695,149.6153106689453,90956700
2021-08-31 00:00:00-04:00,149.16587817080352,149.3026732146875,147.8272249811444,148.35487365722656,86453100
2021-09-01 00:00:00-04:00,149.33198527371385,151.43276949828842,148.8531951656688,149.01930236816406,80313700
2021-09-02 00:00:00-04:00,150.34815971820325,151.1787105563669,148.91180444862712,150.13319396972656,71115500
2021-09-03 00:00:00-04:00,150.24069238740682,151.09078972052774,149.5860293255129,150.76834106445312,57808700
2021-09-07 00:00:00-04:00,151.42301943650597,153.660598936694,150.85629279363835,153.10365295410156,82278300
2021-09-08 00:00:00-04:00,153.38699333617137,153.44561765373206,150.4556581818044,151.55979919433594,74420200
2021-09-09 00:00:00-04:00,151.93112186962642,152.53692642541913,150.42636132134103,150.5436248779297,57305700
2021-09-10 00:00:00-04:00,151.45229981917254,151.92130921813492,145.296493683324,145.56031799316406,140893200
2021-09-13 00:00:00-04:00,147.18232700871462,147.9542386226374,145.3453524055779,146.12704467773438,102404300
2021-09-14 00:00:00-04:00,146.9087519585389,147.61227358439965,143.5474852815467,144.7297821044922,109296300
2021-09-15 00:00:00-04:00,145.15972903193406,146.01959220126037,143.01985176888803,145.6189727783203,83281300
2021-09-16 00:00:00-04:00,145.0424802595639,145.56034832894838,143.85040265204483,145.38446044921875,68034100
2021-09-17 00:00:00-04:00,145.41377207009813,145.41377207009813,142.42379770872697,142.71693420410156,129868800
2021-09-20 00:00:00-04:00,140.5087282891243,141.52491835145102,138.03663577516176,139.6684112548828,123478900
2021-09-21 00:00:00-04:00,140.6356964105484,141.29037444715544,139.51202378684255,140.1471405029297,75834000
2021-09-22 00:00:00-04:00,141.14378392401113,143.0784609405733,140.4109501394529,142.51174926757812,76404300
2021-09-23 00:00:00-04:00,143.29344195401745,143.71360778815728,142.30656438659437,143.46932983398438,64838200
2021-09-24 00:00:00-04:00,142.32606533068824,144.0946347683932,142.22834821641814,143.55722045898438,53477900
2021-09-27 00:00:00-04:00,142.14045701354505,142.6192471706429,140.52822848156046,142.04273986816406,74150700
2021-09-28 00:00:00-04:00,139.97123697906306,141.4369043819852,138.44694526555043,138.6619110107422,108972300
2021-09-29 00:00:00-04:00,139.2091217179658,141.14379894035906,138.77919013309102,139.56088256835938,74602000
2021-09-30 00:00:00-04:00,140.37185613978193,141.07537768507382,138.0463257589815,138.26129150390625,89056700
2021-10-01 00:00:00-04:00,138.65216064526572,139.64881887167329,135.9260252404235,139.38499450683594,94639600
2021-10-04 00:00:00-04:00,138.5153346198599,138.95504676613083,135.10522468851968,135.95530700683594,98322000
2021-10-05 00:00:00-04:00,136.29733265175278,138.98439014714222,136.1703033445533,137.8802490234375,80861100
2021-10-06 00:00:00-04:00,136.27778622694314,138.8964387383312,135.20295726507902,138.7498779296875,83221100
2021-10-07 00:00:00-04:00,139.7856596190209,140.9191132736809,139.45344507148025,140.01039123535156,61732700
2021-10-08 00:00:00-04:00,140.73341358342566,140.87997439192273,139.2970580219821,139.6292724609375,58773200
2021-10-11 00:00:00-04:00,139.01368703802868,141.49554421911762,138.56420909161307,139.54132080078125,64452200
2021-10-12 00:00:00-04:00,139.95170571768443,139.97125212650982,137.81182869231796,138.2710723876953,73035900
2021-10-13 00:00:00-04:00,138.00727840066958,138.163604960137,136.01396194464323,137.68482971191406,78762700
2021-10-14 00:00:00-04:00,138.8573456179309,140.58683751822448,138.27107262847971,140.46957397460938,69907100
2021-10-15 00:00:00-04:00,140.4793699361988,141.58349614959462,140.22531132197605,141.52487182617188,67940300
2021-10-18 00:00:00-04:00,140.1666871499396,143.47909561279081,139.88333128324254,143.19573974609375,85589200
2021-10-19 00:00:00-04:00,143.64518755891186,145.75575243725564,143.1957245202807,145.35513305664062,76378900
2021-10-20 00:00:00-04:00,145.29650879090318,146.32247907181252,144.7297822080243,145.84368896484375,58418800
2021-10-21 00:00:00-04:00,145.40397653574416,146.2149809625118,144.48548923531962,146.0586395263672,61421000
2021-10-22 00:00:00-04:00,146.26385487822307,146.74263007605518,145.23788459644618,145.2867431640625,58883400
2021-10-25 00:00:00-04:00,145.2770082185162,145.95121789896433,144.24127186112185,145.23793029785156,50720600
2021-10-26 00:00:00-04:00,145.91212476055014,147.3875583918874,145.59944178965912,145.90235900878906,60893400
2021-10-27 00:00:00-04:00,145.94140632392705,146.30293288736218,145.09132390307514,145.44308471679688,56094900
2021-10-28 00:00:00-04:00,146.39089965518153,149.66421529809745,146.29318250961379,149.0779571533203,100077900
2021-10-29 00:00:00-04:00,143.85040287273776,146.5081482073945,143.0589446865979,146.37135314941406,124953200
2021-11-01 00:00:00-04:00,145.57987978563986,146.2736207539483,144.4171144592604,145.55056762695312,74588300
2021-11-02 00:00:00-04:00,145.25743118168475,148.10082985163274,145.2476505224247,146.5863037109375,69122000
2021-11-03 00:00:00-04:00,146.9478455977698,148.49168405814817,146.3908996149076,148.02267456054688,54511500
2021-11-04 00:00:00-04:00,148.11059575284676,148.94113176601576,147.192108353955,147.50479125976562,60394600
2021-11-05 00:00:00-04:00,148.6301118041856,148.9334561453401,146.83938576662882,148.033203125,65463900
2021-11-08 00:00:00-05:00,148.1604409815022,148.3170106437663,146.93726849126057,147.2112579345703,55020900
2021-11-09 00:00:00-05:00,146.97636409239348,148.17996131979666,146.8393694074151,147.57327270507812,56787900
2021-11-10 00:00:00-05:00,146.8002509889988,146.9078907486886,144.67682566721112,144.7453155517578,65187100
2021-11-11 00:00:00-05:00,145.76302891424749,146.22292804332957,144.51048652142552,144.6964111328125,41000000
2021-11-12 00:00:00-05:00,145.24435777936998,147.1720784304826,144.31474986015922,146.77088928222656,63804000
2021-11-15 00:00:00-05:00,147.14273967083543,148.620341460146,146.22291165316477,146.7806854248047,59222800
2021-11-16 00:00:00-05:00,146.72195341819835,148.23868992516853,146.13482479249984,147.7592010498047,59256200
2021-11-17 00:00:00-05:00,147.7592057993934,151.6733569463972,147.7494257967945,150.19577026367188,88807000
2021-11-18 00:00:00-05:00,150.411059635024,155.2645990140686,149.7652210699027,154.4817657470703,137827700
2021-11-19 00:00:00-05:00,154.26646446197273,157.56414670764048,153.17050700157068,157.10423278808594,117305600
2021-11-22 00:00:00-05:00,158.21000213967926,162.14372871908944,157.54460352782965,157.56417846679688,117467900
2021-11-23 00:00:00-05:00,157.661955512644,158.3273687697043,155.6461706735063,157.94573974609375,96041900
2021-11-24 00:00:00-05:00,157.29995411244806,158.66012108108276,156.2137765381209,158.46441650390625,69463600
2021-11-26 00:00:00-05:00,156.14524650358064,157.00634940799142,153.0041343483588,153.44447326660156,76959800
2021-11-29 00:00:00-05:00,155.94961080411514,157.73055729698444,155.38205691950756,156.8009490966797,88748200
2021-11-30 00:00:00-05:00,156.5562854284138,161.9675988704111,156.4877806077615,161.7523193359375,174048100
2021-12-01 00:00:00-05:00,163.88548659020162,166.64497001692308,160.99880341826756,161.23365783691406,152052500
2021-12-02 00:00:00-05:00,155.3330674414379,160.67587449430678,154.41323968804676,160.2453155517578,136739200
2021-12-03 00:00:00-05:00,160.49976670029744,161.4195945786872,156.29205136899398,158.36654663085938,118023100
2021-12-06 00:00:00-05:00,160.76395823883925,164.27692006238982,160.75417823673777,161.77186584472656,107497000
2021-12-07 00:00:00-05:00,165.45116789916563,167.89751232351225,164.72704457429052,167.50608825683594,120405400
2021-12-08 00:00:00-05:00,168.43571937748263,172.18352101189242,167.03640253357247,171.32240295410156,116998900
2021-12-09 00:00:00-05:00,171.15603176332104,172.9565375380552,170.18727407030087,170.81353759765625,108923700
2021-12-10 00:00:00-05:00,171.4496116481563,175.77474686026093,170.9407678198788,175.59860229492188,115402700
2021-12-13 00:00:00-05:00,177.23275419312068,178.22108688608395,171.76273170193855,171.96823120117188,153237000
2021-12-14 00:00:00-05:00,171.48875398461132,173.92531854630914,168.51400556372403,170.5885009765625,139380400
2021-12-15 00:00:00-05:00,171.3517373886768,175.64751729804553,168.6118288401074,175.45181274414062,131063300
2021-12-16 00:00:00-05:00,175.43225135839342,177.2523322197485,167.08532532021002,168.5629119873047,150185800
2021-12-17 00:00:00-05:00,166.28292736988075,169.74695967221308,166.0480878451819,167.4669647216797,195432700
2021-12-20 00:00:00-05:00,164.66834446331637,166.91898445345717,163.8659512088188,166.10679626464844,107499100
2021-12-21 00:00:00-05:00,167.8779505711604,169.48275204230814,165.49031583648394,169.2772674560547,91185900
2021-12-22 00:00:00-05:00,169.32617236411534,172.08565609490324,168.45527432954148,171.87037658691406,92135300
2021-12-23 00:00:00-05:00,172.07587897729215,173.05441678226669,171.50832525865067,172.49664306640625,68356600
2021-12-27 00:00:00-05:00,173.28926405046633,176.54779687853835,173.26970404402934,176.45973205566406,74919600
2021-12-28 00:00:00-05:00,176.29338521436063,177.43827272382592,174.69836371754772,175.44204711914062,79144300
2021-12-29 00:00:00-05:00,175.48117571727812,176.7532777728696,174.316713410959,175.5301055908203,62348900
2021-12-30 00:00:00-05:00,175.6181590245021,176.6945564474762,174.26777224500728,174.3754119873047,59773000
2021-12-31 00:00:00-05:00,174.26775518601661,175.383287437309,173.45556719751357,173.75892639160156,64062300
2022-01-03 00:00:00-05:00,174.01340208653673,178.9550216250589,173.89598231281707,178.1036834716797,104487900
2022-01-04 00:00:00-05:00,178.71035458130368,179.01369889567948,175.2756775127618,175.84323120117188,99310400
2022-01-05 00:00:00-05:00,175.7551772531539,176.3031560396219,170.89184312629723,171.16583251953125,94537600
2022-01-06 00:00:00-05:00,168.99347567343597,171.53767993498516,167.95622799076347,168.30850219726562,96904000
2022-01-07 00:00:00-05:00,169.1794172582698,170.40258963561612,167.35933616352636,168.47486877441406,86709100
2022-01-10 00:00:00-05:00,165.45114734140734,168.79774430633347,164.5606744980765,168.49440002441406,106765600
2022-01-11 00:00:00-05:00,168.62164395189677,171.4202477771128,167.15383722500894,171.32240295410156,76138300
2022-01-12 00:00:00-05:00,172.3400748149154,173.37732250749067,171.0679876032979,171.7627410888672,74805200
2022-01-13 00:00:00-05:00,172.0073465977702,172.82931463870656,168.10297600637327,168.49440002441406,84505800
2022-01-14 00:00:00-05:00,167.66266389110206,170.05029852382498,167.4180294399018,169.3555450439453,80440800
2022-01-18 00:00:00-05:00,167.82900716362772,168.83689986985863,165.77408681023036,166.1557159423828,90956700
2022-01-19 00:00:00-05:00,166.35143003303915,167.40825267441707,162.37856885772902,162.66233825683594,94815000
2022-01-20 00:00:00-05:00,163.39625309442948,166.0383024176851,160.65634400941124,160.97926330566406,91420500
2022-01-21 00:00:00-05:00,160.8911718694381,162.76018251834915,158.81667665863466,158.92431640625,122848900
2022-01-24 00:00:00-05:00,156.58562410189697,158.81668910799385,151.37979580013618,158.15127563476562,162294600
2022-01-25 00:00:00-05:00,155.5679206315474,159.26679197315192,153.64999508546384,156.3507537841797,115798400
2022-01-26 00:00:00-05:00,159.99095298775666,160.8618511560036,154.43286466260852,156.26272583007812,108275300
2022-01-27 00:00:00-05:00,158.9634528706825,160.3236197319786,154.88295228679408,155.8027801513672,121954600
2022-01-28 00:00:00-05:00,162.15352186578443,166.6939371213685,159.3059729952558,166.6743621826172,179935700
2022-01-31 00:00:00-05:00,166.5079694467073,171.2440880703996,165.87191101795182,171.02880859375,115541600
2022-02-01 00:00:00-05:00,170.27534392743365,171.0875320298687,168.61183278338754,170.8624725341797,86213900
2022-02-02 00:00:00-05:00,170.9994831805343,172.105235689561,169.6099612749151,172.0660858154297,84914300
2022-02-03 00:00:00-05:00,170.73526997176376,172.45750604377838,168.4259201826274,169.18917846679688,89418100
2022-02-04 00:00:00-05:00,168.20940619823992,170.580497991328,167.22962163757825,168.90505981445312,82465400
2022-02-07 00:00:00-05:00,169.36554243968104,170.4335039135459,167.4941505320522,168.18980407714844,77251200
2022-02-08 00:00:00-05:00,168.25840756625686,171.80523803495097,167.96446919200875,171.29574584960938,74829200
2022-02-09 00:00:00-05:00,172.4910539110368,173.07891560572492,171.36429283315064,172.71640014648438,71285000
2022-02-10 00:00:00-05:00,170.61965636290995,171.9325638827204,168.08201833200982,168.64048767089844,90865900
2022-02-11 00:00:00-05:00,168.84625725787345,169.58109560057568,164.64297356543503,165.23085021972656,98670700
2022-02-14 00:00:00-05:00,163.98654956855333,166.15188018995096,163.19292640629095,165.46603393554688,86185500
2022-02-15 00:00:00-05:00,167.5137362420102,169.45370512365702,166.80829029407985,169.29693603515625,62527400
2022-02-16 00:00:00-05:00,168.37593682151453,169.83580585065312,166.61232210311445,169.06178283691406,61177400
2022-02-17 00:00:00-05:00,167.57256492057238,168.4347801834387,165.06431864713625,165.46603393554688,69589300
2022-02-18 00:00:00-05:00,166.3870301609273,167.0924613280084,162.83040723152354,163.91796875,82772700
2022-02-22 00:00:00-05:00,161.64484588368407,163.32028399061443,158.87205389872815,160.99819946289062,91162800
2022-02-23 00:00:00-05:00,162.19351371308113,162.79118283457873,156.5205682404435,156.8341064453125,90009200
2022-02-24 00:00:00-05:00,149.49550590272597,159.55789590082478,148.92722915533128,159.4501190185547,141147500
2022-02-25 00:00:00-05:00,160.52789462372328,161.78201763247694,157.61793335879435,161.51748657226562,91974200
2022-02-28 00:00:00-05:00,159.76368938483503,162.0759818545117,159.1464202451589,161.78204345703125,95056600
2022-03-01 00:00:00-05:00,161.37050993245586,163.23210951924372,158.69570233786408,159.9008331298828,83474400
2022-03-02 00:00:00-05:00,161.06675601055625,163.97671685818776,159.6558640904533,163.19288635253906,79724800
2022-03-03 00:00:00-05:00,165.06429046074288,165.49539801856008,162.20332160924863,162.86956787109375,76678400
2022-03-04 00:00:00-05:00,161.16476749621853,162.20333673673338,158.82308299816066,159.87144470214844,83737200
2022-03-07 00:00:00-05:00,160.05761991470098,161.68406601052743,155.8249430798264,156.07969665527344,96418800
2022-03-08 00:00:00-05:00,155.60937048225745,159.58729287941838,152.65041731502816,154.25726318359375,131148300
2022-03-09 00:00:00-05:00,158.2156144765831,160.10660654613918,156.1874681101056,159.65589904785156,91454900
2022-03-10 00:00:00-05:00,156.96149116992498,157.1476526374479,152.82679892923494,155.31546020507812,105342000
2022-03-11 00:00:00-05:00,155.71714267170483,156.06007322521145,151.37670453340775,151.60205078125,96970100
2022-03-14 00:00:00-04:00,148.38837253642478,151.00439558659642,147.06567231572745,147.5751495361328,108732100
2022-03-15 00:00:00-04:00,147.8494883910694,152.4250955746164,147.34001116939965,151.9547882080078,92964300
2022-03-16 00:00:00-04:00,153.875139056129,156.76549997179433,151.3375011134131,156.36378479003906,102300200
2022-03-17 00:00:00-04:00,155.40360925613626,157.74529344907543,154.44342469949348,157.3729705810547,75615400
2022-03-18 00:00:00-04:00,157.26526073431444,161.15500778095605,156.53042209754835,160.6651153564453,123511700
2022-03-21 00:00:00-04:00,160.20455132045697,162.98715054298916,159.71465909153343,162.03675842285156,95811400
2022-03-22 00:00:00-04:00,162.1640973881106,165.99505766660897,161.57623576642348,165.40719604492188,81532000
2022-03-23 00:00:00-04:00,164.59398150898377,169.14997284411103,164.26084346132168,166.76910400390625,98062700
2022-03-24 00:00:00-04:00,167.60194065734933,170.61967882805246,166.76913277034842,170.5511016845703,90131400
2022-03-25 00:00:00-04:00,170.3649271443604,171.73661941189775,169.2577659174967,171.1879425048828,80546200
2022-03-28 00:00:00-04:00,168.68948719730128,172.17751745210523,168.52292563460833,172.05015563964844,90371900
2022-03-29 00:00:00-04:00,173.11812439551318,175.39121664425457,172.7751938429614,175.3422393798828,100589400
2022-03-30 00:00:00-04:00,174.94050013456726,175.97906916213574,173.12789309189358,174.17626953125,92633200
2022-03-31 00:00:00-04:00,174.2448693810398,174.4310308254092,170.8744083575564,171.08016967773438,103049300
2022-04-01 00:00:00-04:00,170.51187068214196,171.34469336684182,168.4641249613338,170.7862091064453,78751300
2022-04-04 00:00:00-04:00,171.0409871856376,174.8817406281064,170.9136104166494,174.83274841308594,76468400
2022-04-05 00:00:00-04:00,173.9117489626708,174.6955795536943,170.8940109049415,171.5210723876953,73401800
2022-04-06 00:00:00-04:00,168.87569951457075,170.12003032879016,166.6907837158408,168.35641479492188,89058800
2022-04-07 00:00:00-04:00,167.69991063657648,169.85543344405016,166.41639539463952,168.66009521484375,77594700
2022-04-08 00:00:00-04:00,168.30737316185164,168.30737316185164,165.77952746373003,166.6515350341797,76575500
2022-04-11 00:00:00-04:00,165.29944535757966,165.61296861541499,162.1543306146452,162.39927673339844,72246700
2022-04-12 00:00:00-04:00,164.62336810010157,166.43596014907794,163.27126093413113,164.27064514160156,79265200
2022-04-13 00:00:00-04:00,164.00613046155772,167.58233798502656,163.39866884231074,166.9552764892578,70618900
2022-04-14 00:00:00-04:00,167.17083120352376,167.80770011623432,161.70363174912274,161.94857788085938,75329400
2022-04-18 00:00:00-04:00,160.60624079287277,163.23207049318052,160.26332525778645,161.73300170898438,69023900
2022-04-19 00:00:00-04:00,161.6840380358106,164.4274375522312,160.59647667199232,164.0159149169922,67723800
2022-04-20 00:00:00-04:00,165.34843439183405,165.4660187034269,162.74221886501599,163.849365234375,67929800
2022-04-21 00:00:00-04:00,165.49540922825548,168.06243992326603,162.55605562621574,163.0557403564453,87227800
2022-04-22 00:00:00-04:00,163.0949084089232,164.47639297111272,158.2351714866705,158.51930236816406,84882400
2022-04-25 00:00:00-04:00,157.8629106188026,159.8714723016188,155.25669460411746,159.58734130859375,96046400
2022-04-26 00:00:00-04:00,158.9700412464134,159.0582182667308,153.55183394880203,153.63021850585938,95623200
2022-04-27 00:00:00-04:00,152.75821530720194,156.55976925790796,152.23893068313222,153.40487670898438,88063200
2022-04-28 00:00:00-04:00,156.0306713643422,161.19413952588084,155.71713316880462,160.33192443847656,130216800
2022-04-29 00:00:00-04:00,158.56829627206238,162.84015665375182,154.07108967503086,154.46299743652344,131747600
2022-05-02 00:00:00-04:00,153.54206903484993,155.03133103517357,150.17160722826696,154.7667999267578,123055300
2022-05-03 00:00:00-04:00,154.95292717961667,157.46118829235783,153.15993453329665,156.25604248046875,88966500
2022-05-04 00:00:00-04:00,156.44219580516028,163.1145261346623,156.04048055543203,162.66383361816406,108256500
2022-05-05 00:00:00-04:00,160.5376906280676,160.76303686900772,151.8175999162394,153.60081481933594,130525300
2022-05-06 00:00:00-04:00,153.0807608024048,156.44636712680793,151.2851189689877,154.32691955566406,116124600
2022-05-09 00:00:00-04:00,152.02103374851995,152.90414437032265,148.6456356183626,149.20492553710938,131577900
2022-05-10 00:00:00-04:00,152.599963074193,153.7970575708187,150.05858149525076,151.60891723632812,115366700
2022-05-11 00:00:00-04:00,150.61786524020772,152.53124880743349,143.07225122446442,143.74929809570312,142689800
2022-05-12 00:00:00-04:00,140.08936442340104,143.45495579096956,136.19390367446763,139.88330078125,182602000
2022-05-13 00:00:00-04:00,141.87518108716213,145.3192870677171,140.42297369266063,144.34786987304688,113990900
2022-05-16 00:00:00-04:00,142.81717961196202,144.75019240669823,141.47289233038416,142.80735778808594,86643800
2022-05-17 00:00:00-04:00,146.0650115425021,146.95792901438662,143.9259353445969,146.43788146972656,78336300
2022-05-18 00:00:00-04:00,144.09275951105042,144.59317839270622,137.27324030149254,138.1759796142578,109742900
2022-05-19 00:00:00-04:00,137.25359806859987,139.0001753383168,134.0351850116639,134.77110290527344,136095600
2022-05-20 00:00:00-04:00,136.47845848613497,138.0582299092985,130.1201304167111,135.00662231445312,137426100
2022-05-23 00:00:00-04:00,135.202883911534,140.57018180016163,135.06551311431642,140.42300415039062,117726300
2022-05-24 00:00:00-04:00,138.1661418989175,139.30436527340177,134.75148674775386,137.72459411621094,104132700
2022-05-25 00:00:00-04:00,135.83083742178036,139.12775081330722,135.7425308510417,137.88160705566406,92482700
2022-05-26 00:00:00-04:00,134.8103917996885,141.62989697300142,134.56508575048807,141.08041381835938,90601500
2022-05-27 00:00:00-04:00,142.6601657784012,146.869610416665,142.5326018592053,146.8303680419922,90978500
2022-05-31 00:00:00-04:00,146.2710719434681,147.8312145429356,144.08293159739236,146.04537963867188,103718400
2022-06-01 00:00:00-04:00,147.08549081541827,148.8909545900905,144.90717205322113,145.9178466796875,74286600
2022-06-02 00:00:00-04:00,145.05436821890447,148.42978169809749,144.10257959347064,148.37091064453125,72348100
2022-06-03 00:00:00-04:00,144.14179449565412,145.19171132509297,141.74762059734428,142.6503448486328,88570300
2022-06-06 00:00:00-04:00,144.2693611343495,145.78045445382116,142.17934925780943,143.3960723876953,71598400
2022-06-07 00:00:00-04:00,141.63970888221743,146.20239508903217,141.39440285018887,145.9178466796875,67808200
2022-06-08 00:00:00-04:00,145.79026939576806,147.05604181726716,144.6913032640919,145.18191528320312,53950200
2022-06-09 00:00:00-04:00,144.3184132523197,145.17207325562853,139.85384150532468,139.96177673339844,69473000
2022-06-10 00:00:00-04:00,137.64613290864105,138.1171163437947,134.4865897104107,134.55528259277344,91437900
2022-06-13 00:00:00-04:00,130.37524138815306,132.6614953380435,128.97209811172078,129.40383911132812,122207100
2022-06-14 00:00:00-04:00,130.63036655754385,131.3760914682962,129.01133784221852,130.26730346679688,84784300
2022-06-15 00:00:00-04:00,131.76856647591572,134.76130271815364,129.67856950370555,132.8871612548828,91533000
2022-06-16 00:00:00-04:00,129.60008846415832,129.90426555728718,126.61715864214314,127.61801147460938,108123900
2022-06-17 00:00:00-04:00,127.62784446904057,130.58132405033675,127.3727165836019,129.08985900878906,134520300
2022-06-21 00:00:00-04:00,130.91492771438774,134.48658311474856,130.8168142802015,133.3189239501953,81000500
2022-06-22 00:00:00-04:00,132.2592024365102,135.17343948860204,131.395735327504,132.80870056152344,73409200
2022-06-23 00:00:00-04:00,134.25110181028134,135.98785785879153,133.08344262037107,135.6738739013672,72433800
2022-06-24 00:00:00-04:00,137.2732646440002,139.24553494086544,137.14571567446453,139.00022888183594,89116800
2022-06-27 00:00:00-04:00,140.02069549958952,140.79587103060723,138.3231817633475,139.00022888183594,70207900
2022-06-28 00:00:00-04:00,139.4614107912665,140.7271835163408,134.74172443104214,134.85946655273438,67083400
2022-06-29 00:00:00-04:00,134.87905849783044,138.02877917366496,134.10388314834785,136.61581420898438,66242400
2022-06-30 00:00:00-04:00,134.6730322892134,135.77199869053038,131.2583759906255,134.15298461914062,98964500
2022-07-01 00:00:00-04:00,133.48573480288584,136.42940742984914,133.11287978462988,136.32147216796875,71051600
2022-07-05 00:00:00-04:00,135.18325151505502,138.951148551157,134.35901187342057,138.90208435058594,73353800
2022-07-06 00:00:00-04:00,138.6960126584971,141.41399224615117,138.43107799720204,140.2365264892578,74064300
2022-07-07 00:00:00-04:00,140.59958423477383,143.79838414491758,140.58977738452884,143.60214233398438,66253700
2022-07-08 00:00:00-04:00,142.5326123028861,144.7796239540416,142.2774994180926,144.27919006347656,64547800
2022-07-11 00:00:00-04:00,142.93489980535588,143.88668829327412,141.08038702449986,142.14991760253906,63141600
2022-07-12 00:00:00-04:00,143.0232094985196,145.66270453987497,142.32654882035914,143.121337890625,77588800
2022-07-13 00:00:00-04:00,140.3052405126538,143.7002675399076,139.45156535802397,142.75830078125,71185600
2022-07-14 00:00:00-04:00,141.37478416032295,146.1533412106034,140.5603662797928,145.68235778808594,78140700
2022-07-15 00:00:00-04:00,146.96774129904725,148.02746510063992,145.4174054581408,147.3504180908203,76259900
2022-07-18 00:00:00-04:00,147.9097302753274,148.7241480973096,143.9455764182645,144.3086395263672,81420900
2022-07-19 00:00:00-04:00,145.1426536934173,148.39050276940443,144.1516228338136,148.16482543945312,82982400
2022-07-20 00:00:00-04:00,148.28255575422767,150.83374396533713,147.54663780551792,150.16650390625,64823400
2022-07-21 00:00:00-04:00,151.59913522400217,152.6490522792443,149.08720372847873,152.4331817626953,65086600
2022-07-22 00:00:00-04:00,152.47241748797757,153.34570636779952,150.5295978961148,151.1968231201172,66675400
2022-07-25 00:00:00-04:00,151.11832702232695,152.1289867062053,149.42081342303993,150.07823181152344,53623900
2022-07-26 00:00:00-04:00,149.4011517193333,150.21556938623502,147.96857315136768,148.75355529785156,55138700
2022-07-27 00:00:00-04:00,149.71517016840275,154.37598449377768,149.3030578563077,153.8461151123047,78620700
2022-07-28 00:00:00-04:00,154.0325515340952,154.68016301876492,151.51081343985047,154.39561462402344,81378700
2022-07-29 00:00:00-04:00,158.21255085489784,160.55767543376024,156.50521583755506,159.4586944580078,101786900
2022-08-01 00:00:00-04:00,157.9868660422736,160.51842568191043,157.8691239569894,158.47747802734375,67829400
2022-08-02 00:00:00-04:00,157.0939825576486,159.36060780651525,156.63280603827062,157.0056610107422,59907000
2022-08-03 00:00:00-04:00,157.82010334400223,163.46214273028536,157.7317967556544,163.0107879638672,82507500
2022-08-04 00:00:00-04:00,162.89298862903826,164.05084071884252,161.34265293350123,162.69674682617188,55474100
2022-08-05 00:00:00-04:00,160.36804367078585,162.96207295817032,160.1616937873522,162.4707794189453,56697000
2022-08-08 00:00:00-04:00,163.47299550022427,164.88792318870864,161.34078349494277,161.99911499023438,60276900
2022-08-09 00:00:00-04:00,161.16392597706255,162.93258559805665,160.40732977942574,162.04824829101562,63135500
2022-08-10 00:00:00-04:00,164.76018146628317,166.3912794896035,163.99376480339055,166.29302978515625,70170500
2022-08-11 00:00:00-04:00,167.0987759253846,168.01258981282774,165.26134266915503,165.55612182617188,57149200
2022-08-12 00:00:00-04:00,166.86294364369544,169.1720142653812,166.45024387983412,169.10324096679688,68039400
2022-08-15 00:00:00-04:00,168.53332166791955,170.370754508125,168.36628368181792,170.1742401123047,54091700
2022-08-16 00:00:00-04:00,169.77138205657383,170.6851957704937,168.6708894053126,170.01702880859375,56377100
2022-08-17 00:00:00-04:00,169.76155547008622,173.08268924248625,169.56504107416526,171.51055908203125,79542000
2022-08-18 00:00:00-04:00,170.72450960712317,171.8544787813878,170.1054749327735,171.11753845214844,62290100
2022-08-19 00:00:00-04:00,170.01704154998163,170.71468497495962,168.32699056998192,168.53334045410156,70346300
2022-08-22 00:00:00-04:00,166.73519456201245,166.90223255698254,164.22959465128477,164.65211486816406,69026800
2022-08-23 00:00:00-04:00,164.17065687050786,165.77227866474297,163.74813661491604,164.3180389404297,54147100
2022-08-24 00:00:00-04:00,164.40645810232692,165.18269520734955,163.35508285359487,164.61279296875,53841500
2022-08-25 00:00:00-04:00,165.84102594330326,167.1773448089003,165.4185207470986,167.0692596435547,51218200
2022-08-26 00:00:00-04:00,167.59986540800332,168.07150295198872,160.71192120457525,160.7708740234375,78961000
2022-08-29 00:00:00-04:00,158.34387946257124,160.06340660842702,157.03705202563728,158.56988525390625,73314000
2022-08-30 00:00:00-04:00,159.3068453614504,159.7293506019625,154.97363281420544,156.14291381835938,77906200
2022-08-31 00:00:00-04:00,157.51855169061037,157.78385443277264,154.40375206464415,154.48236083984375,87991100
2022-09-01 00:00:00-04:00,153.9124655541372,155.66146965189284,151.9767674808192,155.20948791503906,74229900
2022-09-02 00:00:00-04:00,156.9682732301626,157.56765189981036,152.2715085702032,153.0968780517578,76957800
2022-09-06 00:00:00-04:00,153.74540904842692,154.3546082697241,151.01381803326322,151.8391876220703,73714800
2022-09-07 00:00:00-04:00,152.1241445003408,153.9419216691413,150.93520749298594,153.24429321289062,87449600
2022-09-08 00:00:00-04:00,151.94727474830393,153.63732582875608,150.0213973567108,151.77041625976562,84923800
2022-09-09 00:00:00-04:00,152.76282069447305,155.07190642293236,152.05535676886382,154.62973022460938,68028800
2022-09-12 00:00:00-04:00,156.81106723949068,161.39974706706778,156.52612358553827,160.58419799804688,104956000
2022-09-13 00:00:00-04:00,157.11565333541313,157.7445084078153,150.6993615052029,151.1611785888672,122656600
2022-09-14 00:00:00-04:00,152.09465656902455,154.36444545311878,150.93521094229624,152.60560607910156,87965400
2022-09-15 00:00:00-04:00,151.9570633678186,152.5368010537083,148.7440148881969,149.71676635742188,90481100
2022-09-16 00:00:00-04:00,148.57701100499813,148.7145726076231,145.78645207689314,148.0758819580078,162278800
2022-09-19 00:00:00-04:00,146.71003645827363,151.8686172901009,146.5037016211282,151.79000854492188,81474200
2022-09-20 00:00:00-04:00,150.72886783406594,155.32738364566532,150.41444773199837,154.1679229736328,107689800
2022-09-21 00:00:00-04:00,154.60026528272206,155.97589634819317,150.9253987780384,151.04330444335938,101696800
2022-09-22 00:00:00-04:00,149.72665128790337,151.78025506037338,148.28224681807626,150.08038330078125,86652500
2022-09-23 00:00:00-04:00,148.5573685560897,148.83249178632698,145.97315929376293,147.8105926513672,96029900
2022-09-26 00:00:00-04:00,147.05398109807987,151.09241446222893,147.03432515906897,148.1446533203125,93339400
2022-09-27 00:00:00-04:00,150.08037791467922,152.0258964191408,147.33895116498724,149.117431640625,84442700
2022-09-28 00:00:00-04:00,145.06914652315353,148.01690757279204,142.31789987820665,147.2308349609375,146691400
2022-09-29 00:00:00-04:00,143.55598373619551,144.16518295071455,138.23034837016746,139.99900817871094,128138200
2022-09-30 00:00:00-04:00,138.8199033723931,140.60821907927374,135.59701890511008,135.7935333251953,124925300
2022-10-03 00:00:00-04:00,135.80335372086685,140.57872706512543,135.2924042908768,139.96951293945312,114311700
2022-10-04 00:00:00-04:00,142.504593932989,143.67387488258018,141.7479977315321,143.55596923828125,87830100
2022-10-05 00:00:00-04:00,141.5613389023429,144.81369999304195,140.51978392175167,143.8507537841797,79471000
2022-10-06 00:00:00-04:00,143.27101666436323,144.97088807825529,142.69129389793306,142.8976287841797,68402200
2022-10-07 00:00:00-04:00,140.05793931227225,140.60820060654387,137.02174919053795,137.65060424804688,85925600
2022-10-10 00:00:00-04:00,137.97488403320312,139.41928832461434,136.15710682488464,137.97488403320312,74899000
2022-10-11 00:00:00-04:00,137.46393012049913,138.88869341854974,135.8131909792421,136.55995178222656,77033700
2022-10-12 00:00:00-04:00,136.70735883391194,137.91593686444165,135.7542480720767,135.9311065673828,70433700
2022-10-13 00:00:00-04:00,132.63939717381422,141.0896346353026,132.03018316415034,140.50009155273438,113224000
2022-10-14 00:00:00-04:00,141.79713183786654,142.00348171103434,135.78370401470698,135.97039794921875,88598000
2022-10-17 00:00:00-04:00,138.61355854500806,140.41167960335844,137.82748592791265,139.9302215576172,85250900
2022-10-18 00:00:00-04:00,142.95659405664904,144.1455159806622,138.1615644966325,141.24688720703125,99136600
2022-10-19 00:00:00-04:00,139.22275323737964,142.42598143245377,139.03605931008337,141.35496520996094,61758300
2022-10-20 00:00:00-04:00,140.52962076392365,143.3496411342512,140.16605331698352,140.89317321777344,64522000
2022-10-21 00:00:00-04:00,140.3821901686459,145.27548388473534,140.16601984417193,144.70558166503906,86548600
2022-10-24 00:00:00-04:00,144.62699951406933,147.61405773965313,143.45771845108737,146.84764099121094,75981900
2022-10-25 00:00:00-04:00,147.47648086131204,149.83469868322362,146.75919654145045,149.6873016357422,74732300
2022-10-26 00:00:00-04:00,148.33134005875115,149.34340346890698,145.4621728259598,146.74937438964844,88194300
2022-10-27 00:00:00-04:00,145.49165853167307,146.45458955551916,141.62026350591435,142.27859497070312,109180200
2022-10-28 00:00:00-04:00,145.619406740808,154.75746986477446,145.24603383421282,153.0281219482422,164762400
2022-10-31 00:00:00-04:00,150.4930176480896,151.55421333060897,149.27460445858512,150.6698760986328,97943200
2022-11-01 00:00:00-04:00,152.37961754304112,152.7431699919974,146.5332269791364,148.02674865722656,80379300
2022-11-02 00:00:00-04:00,146.35631650525693,149.520247538893,142.47510122901483,142.50457763671875,93604600
2022-11-03 00:00:00-04:00,139.58628898595558,140.313408670562,136.33392883040858,136.461669921875,97918500
2022-11-04 00:00:00-04:00,139.84737436397546,140.41822196260875,132.25907054843208,136.19593811035156,140814800
2022-11-07 00:00:00-05:00,134.94600177423487,136.95379796987663,133.52872680415337,136.72743225097656,83374600
2022-11-08 00:00:00-05:00,138.1938892139262,139.19777957129702,135.31997786188919,137.29824829101562,89908500
2022-11-09 00:00:00-05:00,136.3140296124831,136.3632434570898,132.4657382407741,132.74131774902344,74917800
2022-11-10 00:00:00-05:00,139.0108242882595,144.5519561767578,137.2982811810409,144.5519561767578,118854000
2022-11-11 00:00:00-05:00,143.5185285677149,147.64238513720315,142.0914019190675,147.3372802734375,93979700
2022-11-14 00:00:00-05:00,146.61882473623606,147.90814675324938,145.10312196997452,145.93971252441406,73374100
2022-11-15 00:00:00-05:00,149.81752177217496,151.16589433590542,146.2152837355369,147.6719207763672,89868300
2022-11-16 00:00:00-05:00,146.77629560614008,147.50460662223392,144.96532479416157,146.441650390625,64218300
2022-11-17 00:00:00-05:00,144.1189020339811,149.08920136807347,143.84332244877638,148.34120178222656,80389400
2022-11-18 00:00:00-05:00,149.90611212166033,150.28995621048665,147.6030475887024,148.90220642089844,74829600
2022-11-21 00:00:00-05:00,147.790025718782,147.99670287508093,145.3885338782466,145.6739501953125,58724100
2022-11-22 00:00:00-05:00,145.7920747269315,148.04592513732047,144.6110022662971,147.80970764160156,51804100
2022-11-23 00:00:00-05:00,147.09121210280074,149.43365312101446,146.98294764352303,148.68565368652344,58301400
2022-11-25 00:00:00-05:00,145.96922504559745,146.5302359602774,144.79800437919693,145.7723846435547,35195900
2022-11-28 00:00:00-05:00,142.84927987681326,144.32560563619245,141.1170630589414,141.9438018798828,69246000
2022-11-29 00:00:00-05:00,142.01266197350824,142.5244590100729,138.13485967272496,138.94190979003906,83763800
2022-11-30 00:00:00-05:00,139.16829999405587,146.3727767919922,138.3317244213744,145.69366455078125,111380900
2022-12-01 00:00:00-05:00,145.87082558028513,146.77630352615344,144.29607218523327,145.96923828125,71250400
2022-12-02 00:00:00-05:00,143.6563344518848,145.66413072697534,143.35121453595042,145.4771270751953,65447400
2022-12-05 00:00:00-05:00,145.43774157529282,148.53801893223152,143.4693076933105,144.31573486328125,68826400
2022-12-06 00:00:00-05:00,144.74881132681773,144.97517704731527,139.68008441838234,140.6544647216797,64727200
2022-12-07 00:00:00-05:00,139.9458322919547,141.10720126498546,137.79039443330282,138.71556091308594,69721100
2022-12-08 00:00:00-05:00,140.11314322681335,141.25483863673134,138.87303512029186,140.3985595703125,62128300
2022-12-09 00:00:00-05:00,140.09347268821548,143.272505058159,138.676197516891,139.91632080078125,76097000
2022-12-12 00:00:00-05:00,140.44777667846864,142.21937045590607,138.8336612407948,142.20953369140625,70462700
2022-12-13 00:00:00-05:00,147.1404505596148,147.60303377953338,141.9634742273276,143.17405700683594,93886200
2022-12-14 00:00:00-05:00,143.05596154285573,144.34528354143862,138.93208948952125,140.94973754882812,82291200
2022-12-15 00:00:00-05:00,138.88285224146853,139.5619643292127,133.88302841156911,134.34561157226562,98931900
2022-12-16 00:00:00-05:00,134.5326248058533,135.47746472052233,131.61933586337778,132.38702392578125,160156900
2022-12-19 00:00:00-05:00,132.97758322204413,133.06615916355452,129.24740673369394,130.28082275390625,79592600
2022-12-20 00:00:00-05:00,129.31627297471567,131.14691722297425,127.83994745250583,130.2119140625,77432800
2022-12-21 00:00:00-05:00,130.881192518899,134.6507460089221,130.65482677922608,133.3122100830078,85928000
2022-12-22 00:00:00-05:00,132.2295400503929,132.43621717922085,128.24345879689446,130.1429901123047,77852100
2022-12-23 00:00:00-05:00,128.8537182862033,130.33004413506166,127.59392142994787,129.7788848876953,63814900
2022-12-27 00:00:00-05:00,129.3064518231432,129.3359771357154,126.68843064335461,127.97775268554688,69007800
2022-12-28 00:00:00-05:00,127.62340977201893,128.96194542125178,123.88338987714543,124.05070495605469,85438400
2022-12-29 00:00:00-05:00,125.9699349180437,128.42063320760047,125.71404389802797,127.56436920166016,75703700
2022-12-30 00:00:00-05:00,126.38328892524345,127.89897626169424,125.41875311125068,127.87928771972656,77034200
2023-01-03 00:00:00-05:00,128.2238013285794,128.83401111884518,122.21023430585915,123.09603118896484,112117500
2023-01-04 00:00:00-05:00,124.88729543343348,126.62936374107429,123.10586505340991,124.36566162109375,89113600
2023-01-05 00:00:00-05:00,125.12351256937882,125.75341088924934,122.79092293482029,123.04681396484375,80962700
2023-01-06 00:00:00-05:00,124.02119442530204,128.2336347517989,122.91886860960567,127.57421112060547,87754700
2023-01-09 00:00:00-05:00,128.41078181603234,131.30438194257326,127.83993420444634,128.0958251953125,70790800
2023-01-10 00:00:00-05:00,128.20410381019116,129.18832083166095,126.09787998496417,128.66668701171875,63896200
2023-01-11 00:00:00-05:00,129.1784814447806,131.4028064616691,128.40095662151043,131.3831329345703,69458900
2023-01-12 00:00:00-05:00,131.7670114136582,132.14100375978632,129.3655188993163,131.30442810058594,71379600
2023-01-13 00:00:00-05:00,129.9461937075215,132.79058077087095,129.582038154894,132.6331024169922,57809700
2023-01-17 00:00:00-05:00,132.7019826183309,135.12314807764807,132.01303370787318,133.79446411132812,63646600
2023-01-18 00:00:00-05:00,134.6605941996835,136.42233624485746,132.898837136548,133.0760040283203,69672800
2023-01-19 00:00:00-05:00,131.9638347529944,134.0995841255356,131.6587298451973,133.1350555419922,58280400
2023-01-20 00:00:00-05:00,133.14488168206822,135.84164181281548,132.10161400912494,135.69400024414062,80223600
2023-01-23 00:00:00-05:00,135.94004410758743,141.0579844042408,135.72351517113088,138.8828582763672,81760300
2023-01-24 00:00:00-05:00,138.0954934654877,140.90051809732327,138.0856567013407,140.28045654296875,66435100
2023-01-25 00:00:00-05:00,138.6663561197799,140.1820439497328,136.61918260935104,139.6210479736328,65799300
2023-01-26 00:00:00-05:00,140.9103416541343,141.9732977828438,139.6603818984353,141.68788146972656,54105100
2023-01-27 00:00:00-05:00,140.90048495518886,144.90623964304373,140.82174580665185,143.6267547607422,70555800
2023-01-30 00:00:00-05:00,142.6721295386836,143.25281407268088,140.59543068062553,140.74305725097656,64015300
2023-01-31 00:00:00-05:00,140.4477633640219,142.06187864867766,140.03439402480078,142.01266479492188,65874500
2023-02-01 00:00:00-05:00,141.69774073810188,144.29607334830789,139.08957136310852,143.1346893310547,77663600
2023-02-02 00:00:00-05:00,146.54986584813346,148.79387880270858,145.83139183654328,148.4395751953125,118339000
2023-02-03 00:00:00-05:00,145.6936529941079,154.8960886893848,145.496812581912,152.06153869628906,154357300
2023-02-06 00:00:00-05:00,150.16197391503306,150.68360765070338,148.400217321163,149.33522033691406,69858300
2023-02-07 00:00:00-05:00,148.2624474794368,152.77999988075524,148.2624474794368,152.2091522216797,83322600
2023-02-08 00:00:00-05:00,151.45131927430748,152.14026818212696,148.78408455222657,149.52224731445312,64120100
2023-02-09 00:00:00-05:00,151.35289040745275,151.89421276586904,148.04592065726195,148.4888153076172,56007100
2023-02-10 00:00:00-05:00,147.32566223415182,149.17880490718028,147.08908410868764,148.853515625,57450700
2023-02-13 00:00:00-05:00,148.79437344145694,152.05710297296255,148.7648030561656,151.65296936035156,62199000
2023-02-14 00:00:00-05:00,149.94767374239032,151.57412024796835,148.70567235340334,151.0122528076172,61707600
2023-02-15 00:00:00-05:00,150.92354792770303,153.27941747242824,150.69683660205456,153.11184692382812,65573800
2023-02-16 00:00:00-05:00,151.3178281549916,154.09756497312395,151.16012443154224,151.51498413085938,68167900
2023-02-17 00:00:00-05:00,150.17438009343803,150.81509178729078,148.6958007621901,150.37152099609375,59144100
2023-02-21 00:00:00-05:00,148.05511953332274,149.1394173925265,146.29068760704538,146.35968017578125,58867200
2023-02-22 00:00:00-05:00,146.74408634882758,147.80866542554767,145.0585140913541,146.7835235595703,51011300
2023-02-23 00:00:00-05:00,147.94667430552937,148.1931042440918,145.1373820304515,147.2665252685547,48394200
2023-02-24 00:00:00-05:00,145.00924162382364,145.0881010134071,143.6390916917033,144.61495971679688,55469600
2023-02-27 00:00:00-05:00,145.60067024018994,147.039812645864,145.34437348016522,145.8076629638672,44998500
2023-02-28 00:00:00-05:00,144.95008720013072,146.95109701970668,144.7332276594082,145.30494689941406,50547000
2023-03-01 00:00:00-05:00,144.73320702328428,145.12748883698703,142.9391901768966,143.2349090576172,55479000
2023-03-02 00:00:00-05:00,142.31823534576338,144.6149643784106,141.8450789930105,143.82638549804688,52238100
2023-03-03 00:00:00-05:00,145.9259528752422,148.9521198871165,145.22610023869615,148.87326049804688,70732300
2023-03-06 00:00:00-05:00,151.59381779613093,154.06798373466975,151.26854354881283,151.6332550048828,87558000
2023-03-07 00:00:00-05:00,151.505091132307,151.83038038722225,148.97179972168095,149.43508911132812,56182000
2023-03-08 00:00:00-05:00,150.6278251668401,151.27840377958802,149.6618240709013,150.6869659423828,47204800
2023-03-09 00:00:00-05:00,151.36710263865677,152.33310365607178,148.08465449485655,148.43951416015625,53833600
2023-03-10 00:00:00-05:00,148.0649974904625,148.78456882882224,145.5021196528658,146.37940979003906,68572400
2023-03-13 00:00:00-04:00,145.69921030606648,150.95309752980933,145.59078054944564,148.32122802734375,84457100
2023-03-14 00:00:00-04:00,149.11967456920323,151.2093955139033,147.95653254628945,150.4109649658203,73695900
2023-03-15 00:00:00-04:00,149.03101404457334,151.0615949039496,147.77914539248343,150.80531311035156,77167900
2023-03-16 00:00:00-04:00,149.98709719489494,154.22569446185167,149.4745187940127,153.62440490722656,76161100
2023-03-17 00:00:00-04:00,153.8511699154162,154.50174868510317,152.07687101667568,152.78659057617188,98944600
2023-03-20 00:00:00-04:00,152.85556893212473,155.5662982460434,151.94869352566715,155.15228271484375,73641400
2023-03-21 00:00:00-04:00,155.0734148747329,157.12369840917287,154.30453974820858,157.0054168701172,73938300
2023-03-22 00:00:00-04:00,157.0251659140942,159.82460651427928,155.5564380089166,155.57615661621094,75701800
2023-03-23 00:00:00-04:00,156.5618527096425,159.2430113419942,155.4282660956086,156.66041564941406,67622100
2023-03-24 00:00:00-04:00,156.59142861861952,158.0502895303303,155.59585715875076,157.96157836914062,59196500
2023-03-27 00:00:00-04:00,157.6560126824132,158.47416184588545,155.61556566491817,156.01971435546875,52390300
2023-03-28 00:00:00-04:00,155.71413440722972,156.22671283698608,153.75254688783264,155.39869689941406,45992200
2023-03-29 00:00:00-04:00,157.09415020907082,158.75016719414856,157.074446643704,158.4741668701172,51305700
2023-03-30 00:00:00-04:00,159.22332411879057,160.14990317241256,158.96704237580855,160.04147338867188,49501700
2023-03-31 00:00:00-04:00,160.1203040734608,162.64374399803975,159.59787385661696,162.545166015625,68749800
2023-04-03 00:00:00-04:00,161.92416632467473,163.91530912930577,161.87487733545584,163.79702758789062,56976200
2023-04-04 00:00:00-04:00,164.22091988909426,164.45748300799937,162.75219201536794,163.2647705078125,46278300
2023-04-05 00:00:00-04:00,162.38747921010668,162.69304993016723,159.48946069965245,161.4214630126953,51511700
2023-04-06 00:00:00-04:00,160.1104583059446,162.60434321282244,159.686606015777,162.30862426757812,45390100
2023-04-10 00:00:00-04:00,159.11491201302218,159.71620178222656,157.794050894079,159.71620178222656,47716900
2023-04-11 00:00:00-04:00,160.03160702009572,160.04145880285023,158.21787125365222,158.5037384033203,47644200
2023-04-12 00:00:00-04:00,158.9177526201656,159.74575366976245,157.49831365463328,157.81375122070312,50133100
2023-04-13 00:00:00-04:00,159.32188371142138,163.4323331532267,159.11487595150933,163.1957550048828,68445600
2023-04-14 00:00:00-04:00,162.23959735915352,163.9449032227771,161.48060404043056,162.8507537841797,49386500
2023-04-17 00:00:00-04:00,162.73248322378927,163.02820218114718,161.6876226098968,162.8704833984375,41516200
2023-04-18 00:00:00-04:00,163.72806193096773,165.01935243982652,163.2844759960185,164.0927734375,49923000
2023-04-19 00:00:00-04:00,163.43233711220313,165.7586363174907,163.17604035173306,165.2362060546875,47720200
2023-04-20 00:00:00-04:00,163.71820194187683,165.47278202514906,163.19577163848064,164.27020263671875,52456400
2023-04-21 00:00:00-04:00,162.69305305620966,164.07305473489896,162.14105238473394,162.66348266601562,58337300
2023-04-24 00:00:00-04:00,162.643765839196,163.23520373133107,161.54961626736943,162.96905517578125,41949600
2023-04-25 00:00:00-04:00,162.8310711478655,163.93507261234095,161.3919134894812,161.4313507080078,48714100
2023-04-26 00:00:00-04:00,160.73146218660858,162.91976126426218,160.47518046288778,161.4214630126953,45498800
2023-04-27 00:00:00-04:00,162.83104713478986,166.1529178634098,162.83104713478986,166.00506591796875,64902300
2023-04-28 00:00:00-04:00,166.08391841749662,167.42449781718415,165.48262879614657,167.2569122314453,55275900
2023-05-01 00:00:00-04:00,166.86264216717663,168.01593249804148,166.2317821133474,167.168212890625,52472900
2023-05-02 00:00:00-04:00,167.6610625345139,167.91735928630777,165.14747425578494,166.13319396972656,48425700
2023-05-03 00:00:00-04:00,167.07950544573387,168.47922575134587,164.77292473257992,165.05877685546875,65136000
2023-05-04 00:00:00-04:00,162.535328337613,164.65461977543495,161.96360907995128,163.42247009277344,81235400
2023-05-05 00:00:00-04:00,168.53837432535954,171.81097141948842,168.32151475691046,171.09140014648438,113453200
2023-05-08 00:00:00-04:00,170.0169462399646,171.36739258858663,169.65223472844943,171.0223846435547,55962800
2023-05-09 00:00:00-04:00,170.57879765359286,171.06179068201072,169.14950709207488,169.31707763671875,45326900
2023-05-10 00:00:00-04:00,170.54926084220077,171.5448325237521,169.44524432941884,171.08154296875,53724500
2023-05-11 00:00:00-04:00,171.36739208260082,172.09681510347738,169.71137500858376,171.26881408691406,49514700
2023-05-12 00:00:00-04:00,171.3773676163626,171.8116866019269,168.79121464447562,170.3409423828125,45533100
2023-05-15 00:00:00-04:00,170.92332917405315,170.97268634600138,169.2551561693846,169.847412109375,37266700
2023-05-16 00:00:00-04:00,169.76844364659667,170.903583292935,169.58089543020992,169.847412109375,42110300
2023-05-17 00:00:00-04:00,169.4920742376562,170.69630196545663,168.21872838992437,170.45941162109375,57951600
2023-05-18 00:00:00-04:00,170.76541658498283,172.97648867280256,170.3508433925847,172.7889404296875,65496700
2023-05-19 00:00:00-04:00,174.11158416944232,174.11158416944232,172.68031671339108,172.89747619628906,55809500
2023-05-22 00:00:00-04:00,171.73274586766902,172.45332751081392,171.2095929310653,171.9499053955078,43570900
2023-05-23 00:00:00-04:00,170.89372201948225,171.140492823502,169.06761204505847,169.343994140625,50747300
2023-05-24 00:00:00-04:00,168.88004898113246,170.19287135053577,168.3174194294986,169.620361328125,45143500
2023-05-25 00:00:00-04:00,170.18302884098296,171.65377326209193,169.47232768730396,170.7555389404297,56058300
2023-05-26 00:00:00-04:00,171.08125526170468,173.49960591702484,170.87396117733175,173.1639862060547,54835000
2023-05-30 00:00:00-04:00,174.6742524991613,176.67803022234617,174.28929064745816,175.00985717773438,55964400
2023-05-31 00:00:00-04:00,175.03947872320146,177.03339115324283,174.47683402760893,174.96051025390625,99625300
2023-06-01 00:00:00-04:00,175.40466591116137,177.79340523372372,174.64460769798924,177.7637939453125,68901800
2023-06-02 00:00:00-04:00,178.69168514468382,179.43199760539318,176.94454352013497,178.6127166748047,61996900
2023-06-05 00:00:00-04:00,180.27102884609,182.5610542820425,175.7403050283916,177.2604217529297,121946500
2023-06-06 00:00:00-04:00,177.64534986625156,177.79340630920336,175.13815031318512,176.89517211914062,64848400
2023-06-07 00:00:00-04:00,176.13511905525095,178.8693435880805,175.0295907510138,175.52313232421875,61944600
2023-06-08 00:00:00-04:00,175.60208462454239,178.50411146672758,175.16778069465795,178.23760986328125,50214900
2023-06-09 00:00:00-04:00,179.1556074319137,179.87617397731293,178.2968498358667,178.62258911132812,48900000
2023-06-12 00:00:00-04:00,178.92859184232086,181.51474523727245,178.63246384356634,181.41603088378906,54274900
2023-06-13 00:00:00-04:00,180.4388079672042,181.7713612206094,180.08345742062403,180.9422149658203,54929100
2023-06-14 00:00:00-04:00,181.00143405215442,182.00826309164242,179.668880824476,181.57394409179688,57462900
2023-06-15 00:00:00-04:00,181.58382192499832,184.11075236554325,181.40613912687283,183.60733032226562,65433200
2023-06-16 00:00:00-04:00,184.31803597311566,184.57468723659963,181.88981981135748,182.5314178466797,101256200
2023-06-20 00:00:00-04:00,182.0279832243918,183.69615593706706,182.0279832243918,182.62022399902344,49799100
2023-06-21 00:00:00-04:00,182.51167734169172,183.015099412311,180.23151756348105,181.58383178710938,49515700
2023-06-22 00:00:00-04:00,181.3666633051449,184.63390612000734,181.29756025506936,184.5845489501953,51245300
2023-06-23 00:00:00-04:00,183.15328303090953,185.13731475683954,182.6202496908907,184.2686767578125,53117000
2023-06-26 00:00:00-04:00,184.41673933227065,185.62098193195177,182.83740033087778,182.87689208984375,48088700
2023-06-27 00:00:00-04:00,183.48887561115208,185.9565833444032,183.27171612569057,185.63084411621094,50730800
2023-06-28 00:00:00-04:00,185.50253915791174,187.44709427325768,185.17681495512898,186.8054962158203,51216800
2023-06-29 00:00:00-04:00,186.63770623646846,187.6149240946042,186.49951518133068,187.14111328125,46347300
2023-06-30 00:00:00-04:00,189.1547673916645,191.96794560784363,188.78953634841974,191.46453857421875,85213200
2023-07-03 00:00:00-04:00,191.27697146600818,191.37568580561538,189.28305928715224,189.97402954101562,31458200
2023-07-05 00:00:00-04:00,189.09554798353173,190.48732393792235,188.15780683402295,188.858642578125,46920300
2023-07-06 00:00:00-04:00,187.38788795320247,189.53973735512338,186.7561552507634,189.3324432373047,45094300
2023-07-07 00:00:00-04:00,188.93760736945495,190.1813268348204,187.78272178125238,188.21702575683594,46815000
2023-07-10 00:00:00-04:00,186.8153651594175,187.5359467558433,184.62403920180722,186.17376708984375,59922200
2023-07-11 00:00:00-04:00,186.71665587805697,186.85484691926047,184.18972537508213,185.65060424804688,46638100
2023-07-12 00:00:00-04:00,187.22992243297554,189.22383458950753,186.0355602702456,187.3187713623047,60750200
2023-07-13 00:00:00-04:00,188.03935020331573,188.72044002337208,187.32864909209994,188.07882690429688,41342300
2023-07-14 00:00:00-04:00,187.77280284934832,188.7105287268448,187.1805620612046,188.22686767578125,41616200
2023-07-17 00:00:00-04:00,189.421252931179,191.81000743962883,189.33241906132668,191.48426818847656,50520200
2023-07-18 00:00:00-04:00,190.85254922844402,191.8198865800326,189.93455398917624,191.22763061523438,48288200
2023-07-19 00:00:00-04:00,190.60575926840173,195.6694855056854,190.1615598085878,192.57992553710938,80507300
2023-07-20 00:00:00-04:00,192.57006595398724,193.9322456468904,190.01352397351403,190.63539123535156,59581200
2023-07-21 00:00:00-04:00,191.59284231983003,192.4515998266043,188.75990348350925,189.4607391357422,71951700
2023-07-24 00:00:00-04:00,190.91174763146105,192.392372294224,189.76672761078473,190.26026916503906,45377800
2023-07-25 00:00:00-04:00,190.83280156435973,191.92846454581797,190.42809382758358,191.11904907226562,37283200
2023-07-26 00:00:00-04:00,191.1684052777898,193.11296042478057,190.8229351880455,191.98768615722656,47471900
2023-07-27 00:00:00-04:00,193.48806403406496,194.6528150463848,190.06288393124004,190.72422790527344,47460200
2023-07-28 00:00:00-04:00,192.15545611794553,194.09014552894828,191.63230330479678,193.30047607421875,48291400
2023-07-31 00:00:00-04:00,193.52754422924545,193.9519978690126,192.73787459795656,193.91250610351562,38824100
2023-08-01 00:00:00-04:00,193.70522604358104,194.1888872056883,192.7576194786216,193.08335876464844,35175100
2023-08-02 00:00:00-04:00,192.52068429221174,192.65887532596588,189.37190180440743,190.09246826171875,50389300
2023-08-03 00:00:00-04:00,189.09552588996192,189.8851803589987,188.22688789998924,188.70068359375,61235200
2023-08-04 00:00:00-04:00,183.12366926443607,184.9596445164711,179.57016391801557,179.63926696777344,115956800
2023-08-07 00:00:00-04:00,179.77747246914834,180.7645556934903,175.0592158617292,176.5398406982422,97576100
2023-08-08 00:00:00-04:00,177.36897457174686,177.94148460917899,175.2862285117603,177.47755432128906,67823000
2023-08-09 00:00:00-04:00,178.53374257918168,178.59296516430098,174.72360063232372,175.88836669921875,60378500
2023-08-10 00:00:00-04:00,177.1616784798233,178.41527829006225,175.30597241092943,175.6711883544922,54686900
2023-08-11 00:00:00-04:00,175.26597277471524,176.55090180538758,174.50488805624465,175.7305145263672,52036700
2023-08-14 00:00:00-04:00,175.90841909398483,177.60849603671858,175.2560608313475,177.38116455078125,43675600
2023-08-15 00:00:00-04:00,176.80786722765603,177.40090780634856,174.99906405268155,175.39442443847656,43622600
2023-08-16 00:00:00-04:00,175.07815356283987,176.47180884084688,174.45544657600635,174.52464294433594,46964900
2023-08-17 00:00:00-04:00,175.08803154260252,175.4537406821077,171.47042491030345,171.98440551757812,66062900
2023-08-18 00:00:00-04:00,170.30411608587545,173.0716844916875,169.96805819399307,172.46875,61172200
2023-08-21 00:00:00-04:00,173.0420157807921,174.08973444525807,171.7274205434044,173.80308532714844,46311900
2023-08-22 00:00:00-04:00,175.00895776189057,175.62177093693052,174.2083431088137,175.17698669433594,42038900
2023-08-23 00:00:00-04:00,176.45203891919172,179.44693836874362,176.26423745502308,179.02191162109375,52722800
2023-08-24 00:00:00-04:00,178.57713623123834,179.0021629998802,173.97111355320405,174.3368377685547,54945800
2023-08-25 00:00:00-04:00,175.3252376314931,177.0747231196245,173.78331106065053,176.54098510742188,51449600
2023-08-28 00:00:00-04:00,178.00387451255935,178.49808262553688,176.48172016068384,178.10272216796875,43820700
2023-08-29 00:00:00-04:00,177.61837000977968,182.75813070921157,177.4206898063463,181.98716735839844,53003900
2023-08-30 00:00:00-04:00,182.79767343476072,185.67396786591692,182.5999932338842,185.4762725830078,60813900
2023-08-31 00:00:00-04:00,185.66408956621913,186.92926105598286,185.30825914209595,185.69374084472656,60794500
2023-09-01 00:00:00-04:00,187.29497110047913,187.7199827815663,186.09898099052413,187.26531982421875,45766500
2023-09-05 00:00:00-04:00,186.09896874874457,187.77927298177536,185.43673181910435,187.5025177001953,45280000
2023-09-06 00:00:00-04:00,186.21759365485326,186.66239298088038,179.3678770840619,180.79119873046875,81755800
2023-09-07 00:00:00-04:00,173.1507234483217,176.14563807720947,171.5297216636145,175.50315856933594,112488800
2023-09-08 00:00:00-04:00,176.2840107997074,178.15211655476327,175.7304851357375,176.115966796875,65551300
2023-09-11 00:00:00-04:00,177.98410020535158,178.21143169284028,175.28571330476424,177.28231811523438,58953100
2023-09-12 00:00:00-04:00,177.4108165912451,178.043402311121,172.79491507430095,174.2577667236328,90370200
2023-09-13 00:00:00-04:00,174.46533118918654,175.24618840249718,171.96463950783718,172.19198608398438,84267900
2023-09-14 00:00:00-04:00,171.98440467411754,174.060084556446,171.56927171405846,173.70425415039062,60895800
2023-09-15 00:00:00-04:00,174.43566940930017,174.45544195430384,171.806494041059,172.98269653320312,109259500
2023-09-18 00:00:00-04:00,174.4356561798522,177.30207170667876,174.12924962468128,175.9084014892578,67257600
2023-09-19 00:00:00-04:00,175.46363376102514,177.54919237650395,175.07815207769175,176.9956817626953,51826900
2023-09-20 00:00:00-04:00,177.18347129792434,177.61837681135137,173.36818440563272,173.4571533203125,58436200
2023-09-21 00:00:00-04:00,172.52805046683002,174.25777881422758,171.84604087673065,171.91522216796875,63149100
2023-09-22 00:00:00-04:00,172.6466384244914,175.0287248458324,172.03382526857388,172.76524353027344,56725400
2023-09-25 00:00:00-04:00,172.18207147695253,174.91998813589507,172.13264765845275,174.04029846191406,46172700
2023-09-26 00:00:00-04:00,172.7949188930673,173.1705067749598,169.67152023376326,169.96804809570312,64588900
2023-09-27 00:00:00-04:00,170.62039864934732,171.03553164114703,167.0917606780329,168.4557647705078,66921800
2023-09-28 00:00:00-04:00,167.3783703364052,170.03721192481018,165.678293523344,168.71273803710938,56294400
2023-09-29 00:00:00-04:00,170.02734498983367,171.06518493104676,168.36679806748614,169.2267303466797,51861100
2023-10-02 00:00:00-04:00,169.2365980179806,172.28092127496365,168.94994891630552,171.73728942871094,52164500
2023-10-03 00:00:00-04:00,170.26454593815689,171.61868620307462,168.84123947337378,170.40292358398438,49594600
2023-10-04 00:00:00-04:00,169.10810929534875,172.19197782627828,168.98950418793981,171.64834594726562,53020300
2023-10-05 00:00:00-04:00,171.77684421895017,173.41761872545223,170.67970163713667,172.88388061523438,48527900
2023-10-06 00:00:00-04:00,171.78671747657816,175.9281832590251,171.17388925206592,175.43397521972656,57266700
2023-10-09 00:00:00-04:00,174.76187075811515,176.97592853708252,173.7635757979471,176.9166259765625,42390800
2023-10-10 00:00:00-04:00,176.03691333055846,177.6381425852869,175.88864186643335,176.32354736328125,43698000
2023-10-11 00:00:00-04:00,176.13576739500243,177.7666632072918,175.54272671219826,177.7172393798828,47551100
2023-10-12 00:00:00-04:00,177.98411345020415,180.2278073787141,176.96603088257305,178.61669921875,56743100
2023-10-13 00:00:00-04:00,179.31843486264313,179.82252160984507,176.07643148158712,176.77821350097656,51427100
2023-10-16 00:00:00-04:00,174.7025383958498,177.00554962273654,174.46531311220224,176.64971923828125,52517000
2023-10-17 00:00:00-04:00,174.60370757241088,176.35320838797153,172.77514673671925,175.09791564941406,57549400
2023-10-18 00:00:00-04:00,173.54610256783715,175.52293478970745,173.08154578913502,173.80308532714844,54764400
2023-10-19 00:00:00-04:00,174.0007735918687,175.77992569036093,173.16062890788183,173.42750549316406,59302900
2023-10-20 00:00:00-04:00,173.27923973046956,173.3879661145723,170.64017031492207,170.8773956298828,64244000
2023-10-23 00:00:00-04:00,168.93020088937016,171.99428177951037,167.96154224302492,170.99598693847656,55980100
2023-10-24 00:00:00-04:00,171.04542648826694,171.6582397062376,169.46395453488128,171.430908203125,43816600
2023-10-25 00:00:00-04:00,169.88897487497013,171.0552987076063,168.67321213575732,169.11801147460938,57157000
2023-10-26 00:00:00-04:00,168.39644027726376,169.39475015606334,163.75088778515044,164.95675659179688,70625300
2023-10-27 00:00:00-04:00,164.97653958977486,167.00279566914165,164.89746448966903,166.2713623046875,58499100
2023-10-30 00:00:00-04:00,167.06207484672964,169.1871631923404,166.91380339901636,168.31735229492188,51131000
2023-10-31 00:00:00-04:00,167.3882903979478,168.92032345051314,165.95507483465602,168.79183959960938,44846000
2023-11-01 00:00:00-04:00,169.01916053768616,172.2117404582064,168.14934950515965,171.9547576904297,56934900
2023-11-02 00:00:00-04:00,173.4868054165182,175.7206204672586,173.42750286114074,175.5130615234375,77334800
2023-11-03 00:00:00-04:00,172.22162738228718,174.77174274032964,171.34193765305042,174.60369873046875,79829200
2023-11-06 00:00:00-05:00,174.33684685023218,177.35150406781844,174.16881791314302,177.15382385253906,63841300
2023-11-07 00:00:00-05:00,177.1043884447924,180.32663456302825,176.89682951103612,179.7138214111328,70530000
2023-11-08 00:00:00-05:00,180.23768527185777,181.32493395317235,179.4864793691692,180.77142333984375,49340300
2023-11-09 00:00:00-05:00,180.84064428465763,181.9871956757889,179.70395654448856,180.29701232910156,53763500
2023-11-10 00:00:00-05:00,182.07848170612579,184.65175539538808,181.6430032262288,184.48348999023438,66133400
2023-11-13 00:00:00-05:00,183.9094650326421,184.11729742228064,182.31601793716675,182.8999481201172,43627500
2023-11-14 00:00:00-05:00,185.7701081675421,186.17589626502485,184.38450869065176,185.51278686523438,60108400
2023-11-15 00:00:00-05:00,185.91856087001977,187.55158977984928,185.84927335047647,186.076904296875,53790500
2023-11-16 00:00:00-05:00,187.6209309899597,188.9966390106662,186.71037673999564,187.75949096679688,54412900
2023-11-17 00:00:00-05:00,188.2938943366879,188.42256253993392,186.63117494967102,187.73965454101562,50922700
2023-11-20 00:00:00-05:00,187.93762437034974,189.93685974559065,187.92773262314063,189.48158264160156,46505100
2023-11-21 00:00:00-05:00,189.44198846283598,189.55085808280586,187.78916067013205,188.67990112304688,38134500
2023-11-22 00:00:00-05:00,189.52115946327928,190.9463411053134,188.8679417719912,189.34300231933594,39617700
2023-11-24 00:00:00-05:00,188.9075250877743,188.93721542830764,187.30418629136327,188.01678466796875,24048300
2023-11-27 00:00:00-05:00,187.96730652329646,188.70959528304604,186.95778958150402,187.83863830566406,40552600
2023-11-28 00:00:00-05:00,187.82873180101734,189.1153685705385,187.45263402635211,188.44235229492188,38415400
2023-11-29 00:00:00-05:00,188.93722623545,190.11499348364924,187.02707707633283,187.42295837402344,43014200
2023-11-30 00:00:00-05:00,187.88812439803064,188.36320007044645,186.2550951920731,187.9969940185547,48794400
2023-12-01 00:00:00-05:00,188.3730649805332,189.59041412612484,187.28436893039358,189.27371215820312,45704800
2023-12-04 00:00:00-05:00,188.0266937107449,188.0959812462982,185.5227074160739,187.4823455810547,43389500
2023-12-05 00:00:00-05:00,188.25433276481266,192.40123993854135,188.22462732075607,191.4313201904297,66628400
2023-12-06 00:00:00-05:00,192.4507413057332,192.75755159573393,190.1348038567878,190.3426513671875,41089700
2023-12-07 00:00:00-05:00,191.63916388460834,192.99507315570867,191.59956669458757,192.2725830078125,47477700
2023-12-08 00:00:00-05:00,192.203315195023,193.97491963358075,191.67876563770596,193.6977996826172,53406400
2023-12-11 00:00:00-05:00,191.12452944175106,191.50062728331056,189.45190285406377,191.1938018798828,60943700
2023-12-12 00:00:00-05:00,191.09480795445688,192.71794533501543,189.748790485074,192.7080535888672,52696900
2023-12-13 00:00:00-05:00,193.08413511536142,195.96421892707963,192.8466123940007,195.9246368408203,70404200
2023-12-14 00:00:00-05:00,195.98403383047588,197.567574144968,194.14315707722483,196.07310485839844,66831600
2023-12-15 00:00:00-05:00,195.4990533238864,196.36010340669733,194.97450383643803,195.5386505126953,128538400
2023-12-18 00:00:00-05:00,194.07387143964067,194.6083278162061,192.39135323196817,193.8759307861328,55751900
2023-12-19 00:00:00-05:00,194.14313632648785,194.92500710230044,193.87590816937887,194.9151153564453,40714100
2023-12-20 00:00:00-05:00,194.8755062932641,195.64748527617618,192.82679748535156,192.82679748535156,52242800
2023-12-21 00:00:00-05:00,194.08377332368417,195.05369307239374,191.51049958819766,192.67835998535156,46482500
2023-12-22 00:00:00-05:00,193.173238924369,193.40088504018271,190.98596961710052,191.6094970703125,37149600
2023-12-26 00:00:00-05:00,191.61934905102697,191.89646895007564,190.8473700319769,191.0651092529297,28919300
2023-12-27 00:00:00-05:00,190.5108903848591,191.5105004803971,189.12527563548673,191.16409301757812,48087700
2023-12-28 00:00:00-05:00,192.14390044821914,192.65855816674446,191.18387253758047,191.58966064453125,34049900
2023-12-29 00:00:00-05:00,191.90638540499626,192.40124458871406,189.75869835988954,190.55047607421875,42672100
