date,open,high,low,close,volume
2020-01-02 00:00:00-05:00,66.86782800712254,67.87301635742188,66.77261429289413,67.87301635742188,27278000
2020-01-03 00:00:00-05:00,66.84751358265558,68.12445823826381,66.81378810886194,67.5179672241211,23408000
2020-01-06 00:00:00-05:00,67.02751808217074,69.34288486446046,66.9962821053439,69.31759643554688,46768000
2020-01-07 00:00:00-05:00,69.44900196622598,69.59975639798446,69.00765007438353,69.1836929321289,34330000
2020-01-08 00:00:00-05:00,69.16931180182212,70.01383328257931,69.06071230813146,69.6761245727539,35314000
2020-01-09 00:00:00-05:00,70.51370271406968,70.84843766453115,69.93250773983897,70.40758514404297,33200000
2020-01-10 00:00:00-05:00,70.88761594044897,71.15887253591534,70.39816153236073,70.86231994628906,26258000
2020-01-13 00:00:00-05:00,71.17425376918445,71.4832009224904,70.68430742640342,71.41130065917969,30730000
2020-01-14 00:00:00-05:00,71.40980138157744,71.54022369151787,70.80331039967703,70.94316101074219,26076000
2020-01-15 00:00:00-05:00,71.06365964443332,71.44847959482189,70.99621627063644,71.37012481689453,21550000
2020-01-16 00:00:00-05:00,71.6800692002155,71.94042198348346,71.40980383677255,71.91364288330078,26080000
2020-01-17 00:00:00-05:00,72.52755127820197,73.42066702183358,72.23050686888229,73.36959075927734,52424000
2020-01-21 00:00:00-05:00,73.34380799940449,73.88335497384024,72.90791179429193,73.5049819946289,48930000
2020-01-22 00:00:00-05:00,73.8759245867756,74.41397338110437,73.52532192544703,73.58531951904297,28458000
2020-01-23 00:00:00-05:00,73.76780967939291,74.06287159574599,73.4092694223647,73.6259765625,26650000
2020-01-24 00:00:00-05:00,74.02914675123824,74.097581382054,72.559292859008,72.70757293701172,29786000
2020-01-27 00:00:00-05:00,70.99027408970458,71.2402073113937,70.3932038265922,70.99969482421875,34132000
2020-01-28 00:00:00-05:00,71.49608309873746,72.14373017574707,70.93174708981847,71.93049621582031,29724000
2020-01-29 00:00:00-05:00,72.32522928653594,72.60690544755049,71.67709035915647,72.23795318603516,21566000
2020-01-30 00:00:00-05:00,71.31557167668379,72.16604067283447,71.16184346943253,72.116455078125,27110000
2020-01-31 00:00:00-05:00,72.79137767304688,72.88113570169328,70.76809913606537,71.0517578125,43822000
2020-02-03 00:00:00-05:00,72.4834173068673,73.70581988228172,72.23348411673724,73.52233123779297,71636000
2020-02-04 00:00:00-05:00,72.12836616478646,72.76559372087249,70.51866911081403,71.67808532714844,95880000
2020-02-05 00:00:00-05:00,72.58061715621994,72.62871964997271,70.89802869966074,71.7098159790039,36376000
2020-02-06 00:00:00-05:00,72.00389677738615,73.47077712052415,71.92951458765228,73.19356536865234,37822000
2020-02-07 00:00:00-05:00,72.7680635245262,73.65374104853788,72.66987603102721,73.34925842285156,28360000
2020-02-10 00:00:00-05:00,73.25604592514885,74.82557052333453,73.15537648833067,74.81465911865234,38302000
2020-02-11 00:00:00-05:00,75.04325524636788,75.86695264677628,74.6554615733179,74.88407135009766,34852000
2020-02-12 00:00:00-05:00,75.17171334002595,75.39189369571822,74.81516311800998,75.30908203125,31042000
2020-02-13 00:00:00-05:00,74.88111203769492,75.67207538277923,74.58356816841906,75.04922485351562,22914000
2020-02-14 00:00:00-05:00,75.1057482210196,75.37948673334321,74.66042372612603,75.31402587890625,23198000
2020-02-18 00:00:00-05:00,75.09633617170891,75.90068528400265,74.93119712969819,75.3492431640625,25642000
2020-02-19 00:00:00-05:00,75.73405324495363,75.90960425641619,75.42560557770153,75.6185073852539,22746000
2020-02-20 00:00:00-05:00,75.32791507548832,75.72761146175247,74.59645752229817,75.22774505615234,25962000
2020-02-21 00:00:00-05:00,74.6123229813126,74.92821644497522,73.31851954400152,73.56497955322266,42520000
2020-02-24 00:00:00-05:00,70.56923390234532,71.23027423793134,69.76290240966694,70.41104125976562,49560000
2020-02-25 00:00:00-05:00,70.96348339912412,71.25358143993788,68.45521513612178,68.74779510498047,51580000
2020-02-26 00:00:00-05:00,69.17724388929183,70.10408510430565,68.26329659306435,68.9535903930664,49776000
2020-02-27 00:00:00-05:00,67.39994084412521,67.90873614395468,65.17334092529835,65.20854949951172,62290000
2020-02-28 00:00:00-05:00,63.193219011315065,66.57228926922296,62.890718817164235,66.41360473632812,80198000
2020-03-02 00:00:00-05:00,67.0156136346648,68.80481891518373,65.7168464160506,68.74779510498047,55430000
2020-03-03 00:00:00-05:00,69.31114065170213,69.83233041381229,65.91718724409012,66.33771514892578,56602000
2020-03-04 00:00:00-05:00,67.3910084911232,68.57224739337018,66.30200954107818,68.51373291015625,47598000
2020-03-05 00:00:00-05:00,66.72600490557134,67.1267001116849,64.54850635828724,65.19912719726562,54380000
2020-03-06 00:00:00-05:00,62.9769971984103,64.6035493381855,62.34521781036266,64.25592803955078,64640000
2020-03-09 00:00:00-04:00,59.75413363170908,62.12305473019572,59.410969211683664,60.291194915771484,69252000
2020-03-10 00:00:00-04:00,62.20537437076088,63.26957678968302,60.22771640855486,63.23585510253906,54872000
2020-03-11 00:00:00-04:00,61.901881557171805,62.331330808488026,59.06879454018304,60.0486946105957,54732000
2020-03-12 00:00:00-04:00,55.67088167650658,58.95027701384307,54.96918076424431,55.121917724609375,94326000
2020-03-13 00:00:00-04:00,58.2679152243598,60.22226345773861,55.158611522233514,60.215816497802734,79400000
2020-03-16 00:00:00-04:00,54.03390642715951,56.80401064985068,52.91664149959942,53.2102165222168,96520000
2020-03-17 00:00:00-04:00,54.08498798539528,55.83849297321683,52.02501404698684,55.44474792480469,83194000
2020-03-18 00:00:00-04:00,52.56257466439651,54.79660911099285,51.42497370415476,54.112266540527344,93044000
2020-03-19 00:00:00-04:00,53.96497931020589,57.15808978102262,52.34487034827302,55.12786865234375,74064000
2020-03-20 00:00:00-04:00,56.08148743290861,56.45738229776542,52.669687167629704,52.97268295288086,82878000
2020-03-23 00:00:00-04:00,52.385533632275504,52.90821410094761,50.030002120502026,52.274452209472656,83672000
2020-03-24 00:00:00-04:00,54.74651629889914,56.2019854909034,53.87620704386367,56.03734588623047,72468000
2020-03-25 00:00:00-04:00,55.76807440928379,56.838723734721434,53.70661363639943,54.629486083984375,90324000
2020-03-26 00:00:00-04:00,55.27912035694048,58.09385791556648,54.15392148412994,57.66936492919922,76562000
2020-03-27 00:00:00-04:00,55.91139183073007,57.08072809299469,54.747511270415124,55.057945251464844,62794000
2020-03-30 00:00:00-04:00,56.16777698755777,57.07825124528936,54.47427322697181,56.845672607421875,58736000
2020-03-31 00:00:00-04:00,56.96568065824295,58.1890670209297,56.37010109392205,57.62126159667969,65228000
2020-04-01 00:00:00-04:00,55.73931890160938,56.008097373392076,54.22632246793909,54.65329360961914,51970000
2020-04-02 00:00:00-04:00,54.549151445625526,55.6783190924219,54.208468955289,55.393672943115234,56410000
2020-04-03 00:00:00-04:00,55.27862233919662,55.48094867701905,53.31336646721793,54.18714141845703,51374000
2020-04-06 00:00:00-04:00,56.18563269892655,59.049460387953076,55.788910047440375,58.674560546875,63320000
2020-04-07 00:00:00-04:00,60.35169060850497,60.5386486628773,58.37998779819019,58.643310546875,61620000
2020-04-08 00:00:00-04:00,59.661892044147216,60.247055806495155,58.71224047565648,59.85529327392578,40334000
2020-04-09 00:00:00-04:00,60.40971213758575,60.59864892090374,59.132268239290795,59.83396911621094,54028000
2020-04-13 00:00:00-04:00,59.58255503814354,60.228219641111785,58.63191212805063,60.0244026184082,38702000
2020-04-14 00:00:00-04:00,61.49028400054519,63.26461680088407,60.923466061815894,62.7429313659668,63358000
2020-04-15 00:00:00-04:00,61.81460686948649,63.232885198503794,61.19423448072011,62.34968566894531,42236000
2020-04-16 00:00:00-04:00,62.83764929137025,63.14610078349134,61.4025120129918,62.35612869262695,57896000
2020-04-17 00:00:00-04:00,63.55968059070784,63.971279654647915,62.781115555550386,63.42578887939453,51050000
2020-04-20 00:00:00-04:00,62.97401789004605,63.3176779307609,62.307029946262375,62.54059982299805,35292000
2020-04-21 00:00:00-04:00,61.62616593937416,61.98767622078113,59.75611987683301,60.11118698120117,49648000
2020-04-22 00:00:00-04:00,61.54681311207686,63.46942212095462,61.352916257316856,62.40472412109375,46296000
2020-04-23 00:00:00-04:00,62.76821677257481,63.879534159122194,62.50985410412235,63.03749084472656,34202000
2020-04-24 00:00:00-04:00,62.23562530613796,63.36181922472336,61.69013452627562,63.3067741394043,37402000
2020-04-27 00:00:00-04:00,64.07045614945028,64.1745987676371,62.73449772386327,63.02212142944336,44186000
2020-04-28 00:00:00-04:00,63.634064753405866,63.711420702689196,61.0147111939967,61.124305725097656,80700000
2020-04-29 00:00:00-04:00,66.6987343327068,67.45002460634528,65.7927245869815,66.55889129638672,108358000
2020-04-30 00:00:00-04:00,66.02232428665536,66.94668363522894,65.53336173174351,66.78303527832031,55842000
2020-05-01 00:00:00-04:00,65.66179886879097,67.0175974915961,64.9462166247324,65.3260726928711,48872000
2020-05-04 00:00:00-04:00,64.8703571166815,65.68066140503612,64.2693217841076,65.60279846191406,30806000
2020-05-05 00:00:00-04:00,66.32681171124734,67.98857626005707,66.20432703264936,66.89808654785156,39666000
2020-05-06 00:00:00-04:00,67.34339679611239,67.87351539698507,66.70517056369631,66.72004699707031,31732000
2020-05-07 00:00:00-04:00,67.50755427769955,68.23603812169104,67.0726492790664,67.90278625488281,30652000
2020-05-08 00:00:00-04:00,68.52463821205002,69.25956128997706,68.03815763461286,68.64960479736328,33326000
2020-05-11 00:00:00-04:00,68.27520548318408,70.19632388908829,68.2112352957633,69.60421752929688,32718000
2020-05-12 00:00:00-04:00,69.83384004876797,70.13683209444191,68.16215510010458,68.19538116455078,33918000
2020-05-13 00:00:00-04:00,68.24397243542293,68.69871775652562,65.8562057491344,66.86387634277344,40368000
2020-05-14 00:00:00-04:00,66.12944679284938,67.31216892241369,65.62263398187353,67.28688049316406,36660000
2020-05-15 00:00:00-04:00,66.86039208838235,68.16559864736914,66.40118245045998,68.09022521972656,41544000
2020-05-18 00:00:00-04:00,67.52095637893991,69.06717532396667,67.15497781616902,68.6912841796875,47094000
2020-05-19 00:00:00-04:00,68.70614443587316,69.05376572383527,68.12494948842443,68.15668487548828,31586000
2020-05-20 00:00:00-04:00,68.88862946707506,70.02275708211047,68.80234463314515,69.88043212890625,38262000
2020-05-21 00:00:00-04:00,69.97118547184348,70.24244206277815,69.14798739865162,69.76092529296875,30894000
2020-05-22 00:00:00-04:00,69.61959655312397,70.26922616998684,69.22535585205502,70.08277130126953,28544000
2020-05-26 00:00:00-04:00,71.50700292608954,71.66321308887383,70.38825092272327,70.4859390258789,44590000
2020-05-27 00:00:00-04:00,70.41799195891424,70.68330099818472,69.15840585469878,70.43187713623047,31684000
2020-05-28 00:00:00-04:00,69.426192345688,71.63096943029363,69.38057178014799,70.33071899414062,35170000
2020-05-29 00:00:00-04:00,70.4393250257835,71.24764676163868,70.218652828686,71.08846282958984,37044000
2020-06-01 00:00:00-04:00,70.70065785212817,71.48814791077972,70.53105438742989,71.1553955078125,25162000
2020-06-02 00:00:00-04:00,71.16185531852858,71.55857797653256,70.49784106291007,71.52436065673828,23442000
2020-06-03 00:00:00-04:00,71.54368329606875,71.85659538466791,70.99422380337077,71.37259674072266,27732000
2020-06-04 00:00:00-04:00,71.25011707361648,71.47526126931832,69.72423054944969,70.13533020019531,26982000
2020-06-05 00:00:00-04:00,70.20178767828749,71.72222618313101,69.80407376319808,71.41079711914062,42642000
2020-06-08 00:00:00-04:00,70.72943087648002,71.85611291261435,70.64016468589004,71.80850982666016,33878000
2020-06-09 00:00:00-04:00,71.66965824623362,72.78841022144854,71.52683385423786,72.00885009765625,33624000
2020-06-10 00:00:00-04:00,72.47647380181667,73.03485462843723,72.12190617651635,72.6346664428711,31762000
2020-06-11 00:00:00-04:00,71.46088343383067,71.98505464439063,69.34735477136469,69.52042388916016,47144000
2020-06-12 00:00:00-04:00,70.70859413359544,71.1375515555571,68.7220148203328,70.06690216064453,36676000
2020-06-15 00:00:00-04:00,68.90500481086467,70.66594810504006,68.79144145539158,70.45469665527344,30468000
2020-06-16 00:00:00-04:00,71.8560950243761,72.26124705056122,70.8638005833131,71.73063659667969,30648000
2020-06-17 00:00:00-04:00,72.0514946495563,72.51069676200414,71.16829143028149,72.03165435791016,30610000
2020-06-18 00:00:00-04:00,71.8982617395041,72.05298121424725,70.72743476994945,71.11820983886719,34862000
2020-06-19 00:00:00-04:00,71.40979643273978,71.63295053322123,70.36840054135394,70.6480941772461,52784000
2020-06-22 00:00:00-04:00,70.66645003115394,71.95281537744636,70.37783504857579,71.93843078613281,29442000
2020-06-23 00:00:00-04:00,72.00488718193142,73.15538214854752,71.65775768919568,72.5989761352539,37752000
2020-06-24 00:00:00-04:00,72.56424844008514,73.18461692389582,70.91388742535021,71.04778289794922,31592000
2020-06-25 00:00:00-04:00,70.97440158641986,71.52485247707787,70.39518907866939,71.46435546875,23958000
2020-06-26 00:00:00-04:00,71.04432444908078,71.26202286929771,67.19464153368672,67.56855010986328,97640000
2020-06-29 00:00:00-04:00,67.45944641414235,69.32701421353897,67.02850648187311,69.28585052490234,45074000
2020-06-30 00:00:00-04:00,69.27148629690004,70.61636630128766,68.7780591887878,70.32130432128906,40286000
2020-07-01 00:00:00-04:00,70.3768421161721,71.83032898693156,70.12938326370785,71.50897979736328,42182000
2020-07-02 00:00:00-04:00,71.99694685942596,73.81591270905315,71.9587569455247,72.89402770996094,57218000
2020-07-06 00:00:00-04:00,73.79757524785116,74.88111870181295,73.24365115078267,74.36785888671875,44712000
2020-07-07 00:00:00-04:00,74.19329366469888,75.44246780197778,73.87442642573149,73.88533782958984,42364000
2020-07-08 00:00:00-04:00,74.42488417311117,74.93913520411024,74.0033649498385,74.56373596191406,31766000
2020-07-09 00:00:00-04:00,74.87764724395905,75.83027655124542,74.16652927231475,75.3105697631836,41836000
2020-07-10 00:00:00-04:00,75.04228097916123,76.43527091513984,74.42092109962981,76.3197250366211,35918000
2020-07-13 00:00:00-04:00,76.86174923666793,78.17191999043621,74.71053006647314,74.99170684814453,42954000
2020-07-14 00:00:00-04:00,74.0276563923416,75.51585219367827,73.68746578744671,75.41964721679688,38108000
2020-07-15 00:00:00-04:00,75.53719235159814,76.18682201246635,74.27760605217841,75.22229766845703,31026000
2020-07-16 00:00:00-04:00,74.45959427860498,75.17419293783173,73.80351767649992,75.1250991821289,26484000
2020-07-17 00:00:00-04:00,75.22377608107477,75.54710778770762,74.29098718634621,75.2208023071289,34264000
2020-07-20 00:00:00-04:00,75.12904965194888,77.80741315385244,74.51909314973128,77.55103302001953,30166000
2020-07-21 00:00:00-04:00,78.60185355585298,78.70202356898034,76.99463106769095,77.15827941894531,27486000
2020-07-22 00:00:00-04:00,77.14788062235074,77.70676098682584,76.5289950954677,77.60113525390625,24482000
2020-07-23 00:00:00-04:00,77.65468582028785,77.87387489576915,74.81118295355448,75.2158432006836,33910000
2020-07-24 00:00:00-04:00,74.34504365729109,75.15038400386956,73.76979622867519,74.79234313964844,29902000
2020-07-27 00:00:00-04:00,75.0427754818971,76.24781222334954,74.9966555026243,75.84464263916016,27124000
2020-07-28 00:00:00-04:00,75.62496226274747,75.67504727423581,74.41099662396583,74.56621551513672,30910000
2020-07-29 00:00:00-04:00,74.63315872892666,76.03804366539825,74.53447181046977,75.55107116699219,22676000
2020-07-30 00:00:00-04:00,74.28453342504669,76.41294572195511,74.14568165173718,76.28797912597656,36042000
2020-07-31 00:00:00-04:00,74.23892317136475,74.63415515123877,72.10406361825939,73.78765106201172,91468000
2020-08-03 00:00:00-04:00,73.93889871670713,74.27263483646993,72.982796377369,73.5302734375,45482000
2020-08-04 00:00:00-04:00,73.72615502792115,74.04353160138255,72.60144805958299,73.06114959716797,37212000
2020-08-05 00:00:00-04:00,73.23570208691466,73.88929663633802,72.95799099172172,73.3482666015625,29134000
2020-08-06 00:00:00-04:00,73.20247794748174,74.6961294926301,72.99171836772238,74.63066864013672,33306000
2020-08-07 00:00:00-04:00,74.83350211063035,75.3814709934715,73.70433072116582,74.30437469482422,27718000
2020-08-10 00:00:00-04:00,73.92897345317232,74.73976942853685,73.26892434364396,74.22750854492188,20546000
2020-08-11 00:00:00-04:00,74.08766876140056,74.90293686647448,73.30365176800044,73.4201889038086,31098000
2020-08-12 00:00:00-04:00,73.74648949020883,74.96392829740739,73.64135561207259,74.7442398071289,22512000
2020-08-13 00:00:00-04:00,74.79234620944766,76.21856217706964,74.79234620944766,75.21088409423828,22388000
2020-08-14 00:00:00-04:00,75.06013175554337,75.36660452613891,74.33562050081562,74.61481475830078,21942000
2020-08-17 00:00:00-04:00,75.17717361935591,75.56447556491348,74.63316965772786,75.19055938720703,19990000
2020-08-18 00:00:00-04:00,75.68049166642054,77.23018328447318,75.45981951477373,77.15133666992188,28378000
2020-08-19 00:00:00-04:00,76.98817956007245,77.79997430878812,76.36880233011642,76.597412109375,30472000
2020-08-20 00:00:00-04:00,76.36731743172305,78.36084298271476,76.09407832961335,78.16645050048828,26382000
2020-08-21 00:00:00-04:00,77.9457743659373,78.94154971294752,77.47516898620518,78.13273620605469,34838000
2020-08-24 00:00:00-04:00,78.97080047471435,79.7796215208328,78.10644628557537,78.60780334472656,25638000
2020-08-25 00:00:00-04:00,78.35737857337155,79.7845857885125,78.2472884005145,79.63433074951172,25150000
2020-08-26 00:00:00-04:00,79.65664120321837,81.96208775118443,79.39282281884792,81.53263092041016,52188000
2020-08-27 00:00:00-04:00,81.65561820356022,81.72405283891463,80.27701291660559,80.75853729248047,31350000
2020-08-28 00:00:00-04:00,80.80564164230469,81.39476664406783,80.61422293122781,81.29955291748047,22418000
2020-08-31 00:00:00-04:00,81.50486573387329,81.55098571536558,80.60034658249602,80.80862426757812,26422000
2020-09-01 00:00:00-04:00,80.93903580626339,82.280941701102,80.80861351008971,82.07563781738281,22652000
2020-09-02 00:00:00-04:00,82.71685576471795,85.59755015191129,82.3290619784215,85.16561889648438,49522000
2020-09-03 00:00:00-04:00,84.27942619556264,84.30323151911709,79.7265559132381,80.80762481689453,63726000
2020-09-04 00:00:00-04:00,79.79052798096303,81.07937516659749,76.26814209838817,78.41242218017578,55850000
2020-09-08 00:00:00-04:00,75.62496025313807,77.13993533300419,75.20344105449351,75.55553436279297,54032000
2020-09-09 00:00:00-04:00,76.81017525430957,77.2971478144639,75.63340056915945,76.72736358642578,39242000
2020-09-10 00:00:00-04:00,76.87364735396316,78.03801986805702,75.37701423670407,75.67703247070312,33024000
2020-09-11 00:00:00-04:00,75.78116136551324,76.3043336256025,74.03905978761586,75.16674041748047,30706000
2020-09-14 00:00:00-04:00,75.95471996742477,77.21183159026285,74.63860202176961,74.82307434082031,42660000
2020-09-15 00:00:00-04:00,75.7682678763048,76.91379872037813,75.48114361362637,76.12680053710938,23042000
2020-09-16 00:00:00-04:00,76.49180158810144,77.08142606699325,74.95995988574093,74.98475646972656,22128000
2020-09-17 00:00:00-04:00,73.68150390377677,74.31873885569544,72.52357866863409,73.74250030517578,40008000
2020-09-18 00:00:00-04:00,73.80500821832771,74.14718140405718,70.99423937213804,71.95975494384766,63056000
2020-09-21 00:00:00-04:00,70.99423595541519,71.41277382224862,69.55909872730024,70.92084503173828,56908000
2020-09-22 00:00:00-04:00,71.92158005855832,72.59848828175699,70.88911284612593,72.39268493652344,33950000
2020-09-23 00:00:00-04:00,72.00933895714364,72.05843270651947,69.55909323170627,69.89183807373047,37726000
2020-09-24 00:00:00-04:00,69.55909799295081,71.31012111863477,69.53281074002145,70.55982208251953,34552000
2020-09-25 00:00:00-04:00,70.66842379721632,71.70435638288463,69.80704340057243,71.3631820678711,30326000
2020-09-28 00:00:00-04:00,72.9961844081179,73.04577000235808,71.72122247765688,72.33514404296875,30784000
2020-09-29 00:00:00-04:00,72.59550743432801,72.99668695835517,72.1040628957375,72.70014190673828,31816000
2020-09-30 00:00:00-04:00,72.44821428907602,73.7008616762661,72.19134227406526,72.67930603027344,40924000
2020-10-01 00:00:00-04:00,73.57491129707402,74.14073804524459,73.23472061084361,73.78517150878906,32884000
2020-10-02 00:00:00-04:00,72.38325120895068,73.34530108822473,71.77428589367447,72.18340301513672,31222000
2020-10-05 00:00:00-04:00,72.53302071478075,73.6264842512072,72.40607158601448,73.53375244140625,21602000
2020-10-06 00:00:00-04:00,73.17024140482556,73.61754082467756,71.6582402752025,71.9562759399414,26096000
2020-10-07 00:00:00-04:00,72.36739248963742,72.84643497280706,71.07408069431314,72.35896301269531,36108000
2020-10-08 00:00:00-04:00,72.67186671262658,73.79160984769521,72.67186671262658,73.5634994506836,26076000
2020-10-09 00:00:00-04:00,74.03112767666134,74.97284538187411,73.74053020813113,74.9034194946289,32966000
2020-10-12 00:00:00-04:00,76.26963387133897,78.76996475880563,75.83819452463318,77.5882339477539,55344000
2020-10-13 00:00:00-04:00,78.2041397278234,78.60830053326004,77.29267433018113,77.71121215820312,39072000
2020-10-14 00:00:00-04:00,78.08464409532286,78.54334687397657,76.66140181663269,77.53121185302734,33174000
2020-10-15 00:00:00-04:00,76.5919747665281,77.92595083117723,76.42486076596214,77.13597869873047,31210000
2020-10-16 00:00:00-04:00,77.45135766010404,78.2388477100898,77.24457067731333,77.7424545288086,34194000
2020-10-19 00:00:00-04:00,78.1505802742587,78.54730285581954,75.52180983862715,75.87042236328125,29734000
2020-10-20 00:00:00-04:00,75.53123918577117,78.04694597778177,75.40180813556019,76.91827392578125,41670000
2020-10-21 00:00:00-04:00,77.8490682736484,80.09500878079854,77.71468095433627,78.64945220947266,60322000
2020-10-22 00:00:00-04:00,78.6003693037984,80.00971867518831,78.22745200812956,79.67449188232422,30512000
2020-10-23 00:00:00-04:00,80.09055499720758,81.0362377810544,79.93483669697007,80.97970581054688,30548000
2020-10-26 00:00:00-04:00,80.08807542144447,80.81109596389342,77.7464289699495,78.5651626586914,35826000
2020-10-27 00:00:00-04:00,78.7952539907842,79.4433928628806,78.203147671929,79.2886734008789,25902000
2020-10-28 00:00:00-04:00,76.86521597799047,77.05365336346415,74.80573753596516,74.92078399658203,45174000
2020-10-29 00:00:00-04:00,75.22922779001276,78.78583097305014,75.20592187839175,77.20589447021484,55406000
2020-10-30 00:00:00-04:00,82.68857141891898,83.3768826939042,79.4220666362218,80.14310455322266,99878000
2020-11-02 00:00:00-05:00,80.51157306203328,82.23235142341763,80.05038085259652,80.55025482177734,44228000
2020-11-03 00:00:00-05:00,80.86961702118651,82.27003752125272,79.94475820536469,81.60850524902344,31432000
2020-11-04 00:00:00-05:00,84.57995857453083,87.77604704171848,84.45201818009168,86.57695770263672,71342000
2020-11-05 00:00:00-05:00,87.79685909810694,88.85660464736164,86.33791656920567,87.40261840820312,39758000
2020-11-06 00:00:00-05:00,86.84918769044951,87.70015609543829,86.12219462200115,87.26525115966797,28622000
2020-11-09 00:00:00-05:00,89.0628918684201,90.09981569190971,87.1571418807164,87.34905242919922,53440000
2020-11-10 00:00:00-05:00,85.77952644234995,87.24788954723216,85.1026184059811,86.17376708984375,43022000
2020-11-11 00:00:00-05:00,86.70340081963118,87.42245635168302,86.43859116132685,86.6453857421875,31838000
2020-11-12 00:00:00-05:00,86.38601724295751,87.5256006507518,86.18616905114561,86.42668151855469,26474000
2020-11-13 00:00:00-05:00,86.68356532652022,88.12812330500522,86.08749390814062,87.8866195678711,29744000
2020-11-16 00:00:00-05:00,87.48394246884763,88.98156668140368,87.34459128225902,87.9743881225586,25468000
2020-11-17 00:00:00-05:00,87.66841068929054,88.12861160522714,87.25334605642084,87.36095428466797,21314000
2020-11-18 00:00:00-05:00,87.11201820971709,87.52659102492422,86.21592105216274,86.31857299804688,20108000
2020-11-19 00:00:00-05:00,85.95111313440208,87.4517111808944,85.79192921661566,87.20772552490234,20106000
2020-11-20 00:00:00-05:00,87.37782025271105,87.69321431232694,86.03888806138033,86.1073226928711,27694000
2020-11-23 00:00:00-05:00,86.29775148895854,86.58388452691703,84.80806483367506,85.66993713378906,22530000
2020-11-24 00:00:00-05:00,85.66697261307304,87.59999391838477,85.33124637413032,87.47205352783203,27984000
2020-11-25 00:00:00-05:00,87.66594925071765,87.79339022162621,86.70141738515697,87.48345184326172,19600000
2020-11-27 00:00:00-05:00,87.50378154731892,89.11397796643531,87.50378154731892,88.61856842041016,14790000
2020-11-30 00:00:00-05:00,88.05472883709749,88.28730367623308,86.67562420794934,87.00093841552734,32418000
2020-12-01 00:00:00-05:00,87.6089081843694,90.33933938625974,87.42889272522542,89.03214263916016,37350000
2020-12-02 00:00:00-05:00,89.03215541544569,90.8858381988271,88.52683325898421,90.50051879882812,29424000
2020-12-03 00:00:00-05:00,90.28083679102588,91.43578858562074,90.10528575268816,90.34530639648438,24728000
2020-12-04 00:00:00-05:00,90.26496258516443,90.72515597863432,89.93617518789623,90.44051361083984,20544000
2020-12-07 00:00:00-05:00,90.03337488446918,90.71474746268916,89.41300629000888,90.10677337646484,22288000
2020-12-08 00:00:00-05:00,89.68476067965364,90.05420479386552,88.82982716744417,89.82410430908203,19936000
2020-12-09 00:00:00-05:00,89.77600917876947,90.6691326799551,87.3778305860458,88.1643295288086,31728000
2020-12-10 00:00:00-05:00,87.40757975682408,88.02200081653986,85.9659955088699,87.65801239013672,28688000
2020-12-11 00:00:00-05:00,87.27863376575453,88.13704035719496,86.91861043056292,88.01256561279297,18628000
2020-12-14 00:00:00-05:00,87.81025159464944,88.75642621466821,86.7395946512999,86.89481353759766,33050000
2020-12-15 00:00:00-05:00,87.27169452904377,87.47699842212751,86.36965738505812,87.33219909667969,21352000
2020-12-16 00:00:00-05:00,87.7304049543823,87.7304049543823,86.73612785383081,87.13928985595703,24676000
2020-12-17 00:00:00-05:00,87.4735246334331,87.61138514053775,85.84796015899582,86.31211853027344,34880000
2020-12-18 00:00:00-05:00,86.59280578905347,86.70140527599254,85.047079145104,85.60347747802734,85256000
2020-12-21 00:00:00-05:00,84.75599762207898,86.13807616732389,84.00569852253668,86.01707458496094,33974000
2020-12-22 00:00:00-05:00,85.75771025470374,85.9203673555766,84.58986465657318,85.30594635009766,20370000
2020-12-23 00:00:00-05:00,85.48992918586241,86.49065326644407,85.35454302432285,85.70316314697266,22974000
2020-12-24 00:00:00-05:00,85.74134221937419,86.40634763890155,85.51074990274458,85.99723052978516,9312000
2020-12-28 00:00:00-05:00,86.5303238857838,88.61757255277705,86.3770950854727,87.97091674804688,27650000
2020-12-29 00:00:00-05:00,88.62899665277278,88.6904849203258,87.0361584425288,87.16757202148438,19726000
2020-12-30 00:00:00-05:00,87.52659230132683,87.66346156450165,85.69175873529313,86.10087585449219,21026000
2020-12-31 00:00:00-05:00,86.15147161928257,87.15467774663676,86.09294955931111,86.9136734008789,21070000
2021-01-04 00:00:00-05:00,87.27865205209945,87.402127997675,84.65731932173296,85.59903717041016,37324000
2021-01-05 00:00:00-05:00,85.547452346587,86.62553994719731,85.14130899599806,86.28932189941406,20360000
2021-01-06 00:00:00-05:00,84.31612534175449,86.48371128165162,84.10983019384653,85.43785095214844,46588000
2021-01-07 00:00:00-05:00,85.63026481011545,88.16233866820387,85.63026481011545,87.9897689819336,41936000
2021-01-08 00:00:00-05:00,88.12961137899272,89.23051304839001,87.33913991776798,89.1546401977539,35484000
2021-01-11 00:00:00-05:00,88.1226681566943,88.4876553992653,86.8888697766191,87.09466552734375,34796000
2021-01-12 00:00:00-05:00,86.55263508531978,87.67039562957231,85.11551546654566,86.15938568115234,29528000
2021-01-13 00:00:00-05:00,85.65804789774742,87.09963985146747,85.65804789774742,86.6463851928711,23432000
2021-01-14 00:00:00-05:00,86.72670521887984,87.65305472805,85.59605062771794,85.83656311035156,29212000
2021-01-15 00:00:00-05:00,85.74233848952319,86.6647153768153,84.88393935871447,85.67291259765625,31444000
2021-01-19 00:00:00-05:00,86.43561418775866,89.45267807678509,85.93128331929772,88.49211883544922,41660000
2021-01-20 00:00:00-05:00,90.56993747642771,94.20737744445935,90.2297543947526,93.2329330444336,64152000
2021-01-21 00:00:00-05:00,93.90636933143983,95.81211195428514,93.2002001837018,93.43525695800781,58634000
2021-01-22 00:00:00-05:00,93.79776835100945,94.4389685259167,93.05589873468317,93.8523178100586,32744000
2021-01-25 00:00:00-05:00,94.8530372036717,95.30331799676104,92.19599688493652,93.9375991821289,50586000
2021-01-26 00:00:00-05:00,93.52649487258525,95.00229620820357,93.03753991216796,94.61549377441406,31462000
2021-01-27 00:00:00-05:00,92.97705264284299,93.25277371377656,89.1273696425718,90.20149230957031,82512000
2021-01-28 00:00:00-05:00,90.79954240185926,93.62567923928557,90.79954240185926,91.90044403076172,55278000
2021-01-29 00:00:00-05:00,90.94931198226257,91.61977320852743,89.33962239135802,90.6190414428711,44530000
2021-02-01 00:00:00-05:00,91.47347570612914,94.99189672698161,91.47347570612914,93.87760925292969,40252000
2021-02-02 00:00:00-05:00,94.87237391938353,96.6695168475592,94.53713959231696,95.16941833496094,66332000
2021-02-03 00:00:00-05:00,102.43387946476706,104.46756984039983,99.85221265777069,102.10013580322266,97882000
2021-02-04 00:00:00-05:00,102.18643566787544,102.61687621970769,100.92089428767255,101.83980560302734,48596000
2021-02-05 00:00:00-05:00,102.1338760393463,103.93796575925221,101.65979740025753,103.58538055419922,29866000
2021-02-08 00:00:00-05:00,104.13929285394818,104.8831449457621,102.32181757236562,103.37163543701172,28828000
2021-02-09 00:00:00-05:00,102.88961562155747,104.06539887651223,102.65158507922345,102.91887664794922,21892000
2021-02-10 00:00:00-05:00,103.30318780122352,104.08373904046066,101.77085450098349,103.46881866455078,25102000
2021-02-11 00:00:00-05:00,103.6929788445471,103.8417432011322,102.59505097845204,103.5813980102539,20480000
2021-02-12 00:00:00-05:00,103.13608390402558,104.1144933325463,102.82861990262512,103.89282989501953,18990000
2021-02-16 00:00:00-05:00,103.73017139399565,106.37779106891139,103.73017139399565,104.66990661621094,31004000
2021-02-17 00:00:00-05:00,103.84074940988165,105.25208878200296,103.56156275847486,105.06265258789062,20294000
2021-02-18 00:00:00-05:00,104.38724144669854,105.22978044150346,103.8085208383096,104.42740631103516,22546000
2021-02-19 00:00:00-05:00,104.52560706749125,105.06068208751414,103.31758892872503,103.58438110351562,37938000
2021-02-22 00:00:00-05:00,101.83830606942489,103.1638524951323,101.56060251176662,101.87103271484375,29466000
2021-02-23 00:00:00-05:00,99.874032566136,102.77555020656679,98.69576750003357,102.16162109375,34658000
2021-02-24 00:00:00-05:00,100.66996455548863,103.56007930549984,100.54549736259403,103.33642578125,22608000
2021-02-25 00:00:00-05:00,101.95385918325073,103.296264656048,99.50212250444032,99.97124481201172,41548000
2021-02-26 00:00:00-05:00,100.66548976778884,101.98309847376467,99.23035268675075,100.26678466796875,40042000
2021-03-01 00:00:00-05:00,101.56059734973552,102.96052588335621,100.88716247321571,102.63471984863281,26060000
2021-03-02 00:00:00-05:00,102.39568834308835,103.87843606308178,101.9905438521957,102.37783813476562,25564000
2021-03-03 00:00:00-05:00,101.75647818822056,102.94862088260737,98.88272328965242,99.74609375,33892000
2021-03-04 00:00:00-05:00,99.91767835282445,102.87920137299997,99.44954734195224,100.86286926269531,49216000
2021-03-05 00:00:00-05:00,102.21271269276662,104.44674319929116,100.55788705118852,103.99398803710938,53100000
2021-03-08 00:00:00-05:00,103.34882412283017,104.8206529765834,99.43764570827803,99.55220031738281,36868000
2021-03-09 00:00:00-05:00,101.6473888421462,102.35007722648686,100.94568414890182,101.18173217773438,33920000
2021-03-10 00:00:00-05:00,102.22510279057674,102.22510279057674,100.13884547232114,100.97493743896484,27100000
2021-03-11 00:00:00-05:00,102.06742452714884,104.69817791198817,101.97964900779091,104.16607666015625,27702000
2021-03-12 00:00:00-05:00,102.96946115627736,103.02896690019689,100.78798996708696,101.65978240966797,33818000
2021-03-15 00:00:00-04:00,101.41084443797796,101.90723768058707,100.5583928421277,101.87996673583984,26168000
2021-03-16 00:00:00-04:00,102.45273295151992,104.81768533806229,102.12047992122729,103.34040069580078,31900000
2021-03-17 00:00:00-04:00,102.57571159931345,104.0896954073164,101.36819296395524,103.25757598876953,26382000
2021-03-18 00:00:00-04:00,101.56952763068206,102.58960018110442,100.13141662467372,100.23853302001953,31700000
2021-03-19 00:00:00-04:00,100.65459585242806,101.0170935919781,99.32557619974676,100.51722717285156,46072000
2021-03-22 00:00:00-04:00,100.55045613544077,101.57746751441745,99.87453925617409,100.70220184326172,33536000
2021-03-23 00:00:00-04:00,101.16140850104202,102.35950652224362,100.56881023451596,101.22984313964844,28510000
2021-03-24 00:00:00-04:00,101.74706227764077,102.53256990725708,100.61839021612809,100.79344940185547,25218000
2021-03-25 00:00:00-04:00,100.62086633670765,101.44356501016514,98.9863728269257,100.78997039794922,35616000
2021-03-26 00:00:00-04:00,100.75674996559889,101.1336323017579,99.37119832005897,100.40664672851562,27978000
2021-03-29 00:00:00-04:00,100.27918584473142,101.62059986113842,99.45053211267248,101.45099639892578,26492000
2021-03-30 00:00:00-04:00,101.80755056417289,102.28807603433674,100.97294931413096,101.4847183227539,27312000
2021-03-31 00:00:00-04:00,101.87796952761705,103.45791345107975,101.51099982265738,102.2806396484375,42570000
2021-04-01 00:00:00-04:00,103.7549679821722,105.91213441854954,103.71430370630291,105.61608123779297,39880000
2021-04-05 00:00:00-04:00,106.47746820855774,110.5359281464989,106.38126321505356,110.03853607177734,48510000
2021-04-06 00:00:00-04:00,109.63982255502079,110.48682596318324,109.18706739203486,109.55750274658203,35240000
2021-04-07 00:00:00-04:00,109.74793996872023,111.30507009532337,109.74793996872023,111.0338134765625,24134000
2021-04-08 00:00:00-04:00,112.27207187647824,112.658382510487,111.23117534122576,111.59913635253906,28664000
2021-04-09 00:00:00-04:00,111.3516723945579,112.76647732788905,110.94602092605987,112.60282897949219,26146000
2021-04-12 00:00:00-04:00,111.78211703998792,111.91947814319695,110.4778940603642,111.3110122680664,25024000
2021-04-13 00:00:00-04:00,111.62691342728266,112.24579894520419,111.23316455138779,111.79750061035156,25682000
2021-04-14 00:00:00-04:00,112.44216174007808,112.44216174007808,110.88453990540746,111.17662048339844,21002000
2021-04-15 00:00:00-04:00,112.1704155210859,113.8589591031954,111.63583238423234,113.32585906982422,29174000
2021-04-16 00:00:00-04:00,113.52373772680629,113.77168844347308,112.61524593773012,113.20189666748047,26282000
2021-04-19 00:00:00-04:00,112.57854354901255,114.26014079100582,112.57854354901255,113.54951477050781,30290000
2021-04-20 00:00:00-04:00,113.9328401922627,114.00772178331093,111.93089265988128,113.01641845703125,22288000
2021-04-21 00:00:00-04:00,112.67127568827584,113.06551638343237,111.32093263815867,112.98369598388672,23204000
2021-04-22 00:00:00-04:00,112.837393589657,113.50587220316932,111.09777377545008,111.70277404785156,24146000
2021-04-23 00:00:00-04:00,112.42084532744272,114.36081286616997,112.13570353718127,114.05384826660156,29066000
2021-04-26 00:00:00-04:00,114.28146844023216,115.27377066190553,113.92441882355446,114.54975128173828,32038000
2021-04-27 00:00:00-04:00,114.93158969348886,114.97225396912138,113.37098650498807,113.61001586914062,44386000
2021-04-28 00:00:00-04:00,118.6444052488308,120.57247005777245,116.69650771409113,116.98512268066406,81106000
2021-04-29 00:00:00-04:00,118.48224361950828,119.22262247919515,117.71954253961522,118.65729522705078,41234000
2021-04-30 00:00:00-04:00,117.43043490062821,118.1162643027293,116.36623251844566,116.71038818359375,44856000
2021-05-03 00:00:00-04:00,117.2762166409626,118.10139729687744,115.81777346888248,116.19366455078125,28242000
2021-05-04 00:00:00-04:00,114.72925560951428,115.29656536605839,111.90906636547629,114.39601135253906,44818000
2021-05-05 00:00:00-04:00,115.47709984321007,115.79298579038195,114.46793860068328,114.78977966308594,26636000
2021-05-06 00:00:00-04:00,114.37122673822532,115.90951538085938,113.71217637295206,115.90951538085938,25190000
2021-05-07 00:00:00-04:00,117.22562773950987,117.59060737920674,116.34638956282501,116.63252258300781,28898000
2021-05-10 00:00:00-04:00,115.45277455769148,115.59460767080654,113.290644369783,113.648193359375,30914000
2021-05-11 00:00:00-04:00,111.23416080961009,113.07940650319262,110.78040678264628,112.57259368896484,34186000
2021-05-12 00:00:00-04:00,110.39706768816423,111.47763718701425,108.78191506462665,109.1106948852539,46376000
2021-05-13 00:00:00-04:00,110.39360709363976,111.0541481508422,109.43155712442402,110.53841400146484,33204000
2021-05-14 00:00:00-04:00,112.00131096781348,113.29957888960938,111.577809256897,112.98517608642578,31996000
2021-05-17 00:00:00-04:00,112.25073136720992,113.55048980427728,111.85103502813574,113.50784301757812,21598000
2021-05-18 00:00:00-04:00,114.17385549892235,114.43817329757108,112.18231233154226,112.19619750976562,22204000
2021-05-19 00:00:00-04:00,110.50816906187161,112.81708157464918,110.35989652450986,112.64401245117188,23684000
2021-05-20 00:00:00-04:00,113.61099904442229,114.65238730936072,113.24006430047643,114.40196228027344,32352000
2021-05-21 00:00:00-04:00,114.92067995406296,114.99407844296304,113.52669887961433,113.76622009277344,40632000
2021-05-24 00:00:00-04:00,114.79571714938808,117.30795076933327,114.65041840397706,117.08430480957031,31832000
2021-05-25 00:00:00-04:00,117.62780399643341,118.22288412982375,116.78477317689254,117.175048828125,22440000
2021-05-26 00:00:00-04:00,117.35604726795344,118.47034224534134,117.35307349417839,118.03990173339844,21572000
2021-05-27 00:00:00-04:00,118.47333058734263,118.47333058734263,116.84727391393845,117.16564178466797,35224000
2021-05-28 00:00:00-04:00,117.7478111847202,117.82963157956378,116.67815310319966,116.87651062011719,21482000
2021-06-01 00:00:00-04:00,117.74881041841671,118.3076907432192,116.74907000230994,118.08304595947266,23354000
2021-06-02 00:00:00-04:00,118.478278661861,118.70094093106418,116.65385700275765,117.55789184570312,21158000
2021-06-03 00:00:00-04:00,116.3250761646754,116.88494774617168,115.52121891925472,116.41681671142578,18696000
2021-06-04 00:00:00-04:00,117.49242726754059,118.96822874582733,117.15223662042179,118.69746398925781,24458000
2021-06-07 00:00:00-04:00,118.49266700644799,119.23999231025896,118.07412912075807,119.1303939819336,24120000
2021-06-08 00:00:00-04:00,119.61190790368995,119.98432577535812,118.757466274763,118.93896484375,24240000
2021-06-09 00:00:00-04:00,119.58314905326921,119.65504930518125,118.86260289582098,119.41007995605469,17942000
2021-06-10 00:00:00-04:00,119.35949314078805,120.801576684723,119.20378241102719,120.75843048095703,25904000
2021-06-11 00:00:00-04:00,120.999943051101,121.08523664008776,119.95656455587336,120.51396179199219,21958000
2021-06-14 00:00:00-04:00,120.61611526440987,121.44228719469659,119.90896239653654,121.4417953491211,22098000
2021-06-15 00:00:00-04:00,121.44623409294725,121.76906634678457,120.06366395354094,120.42418670654297,21562000
2021-06-16 00:00:00-04:00,120.5754393849675,120.88686840654948,118.49067266185558,119.7824935913086,26472000
2021-06-17 00:00:00-04:00,119.70812106140869,121.51815815207105,119.51223788888802,120.74554443359375,25842000
2021-06-18 00:00:00-04:00,120.37212004101573,120.60618554839238,119.03120533837755,119.12641906738281,46116000
2021-06-21 00:00:00-04:00,119.51274587072837,120.99995077102841,118.91567557601743,120.8139877319336,27414000
2021-06-22 00:00:00-04:00,120.75198140176597,121.39665468442757,120.07160770069062,121.32772064208984,22390000
2021-06-23 00:00:00-04:00,121.0926742086513,122.08645953120904,120.83580218507122,121.12590026855469,19148000
2021-06-24 00:00:00-04:00,121.6942071534237,122.04679234158628,121.2974920653263,121.495849609375,21362000
2021-06-25 00:00:00-04:00,120.99993398696205,121.62774832820787,120.5685022175003,121.50426483154297,34594000
2021-06-28 00:00:00-04:00,121.6728660523082,121.77849933650862,120.41030616677962,121.53153991699219,28526000
2021-06-29 00:00:00-04:00,121.66495804851782,122.01258695892923,120.69348729987999,121.27021789550781,23108000
2021-06-30 00:00:00-04:00,120.99446924769488,121.25482198698087,120.35971614839114,121.08869171142578,24474000
2021-07-01 00:00:00-04:00,120.72718855138434,121.58212203987887,120.53527798763021,121.4407958984375,18110000
2021-07-02 00:00:00-04:00,122.14051324667714,124.37603452212761,122.05075521661516,124.2307357788086,25982000
2021-07-06 00:00:00-04:00,124.61852120164065,125.39163425827388,123.56125763749851,125.15558624267578,26404000
2021-07-07 00:00:00-04:00,126.11962731057842,126.240621316996,125.1188956447412,125.43726348876953,24060000
2021-07-08 00:00:00-04:00,123.0093289727932,124.56595957690325,123.005363941043,124.01898193359375,23790000
2021-07-09 00:00:00-04:00,124.00013909575392,124.70381872081973,123.53051741103474,124.48959350585938,18632000
2021-07-12 00:00:00-04:00,125.14369092382793,126.02788545144588,124.581337423186,125.93465423583984,17668000
2021-07-13 00:00:00-04:00,125.99712795199184,127.00777214039663,125.63611333534345,126.29764556884766,19240000
2021-07-14 00:00:00-04:00,126.90910920406252,128.26639872838476,126.86596299550445,127.18582153320312,23742000
2021-07-15 00:00:00-04:00,127.59443383506836,127.64501069030976,125.49280054236102,125.96390533447266,24218000
2021-07-16 00:00:00-04:00,126.61651932695658,126.7638005858177,125.11939443436253,125.92919921875,20424000
2021-07-19 00:00:00-04:00,125.05590815567551,125.17046276091699,122.49259090531656,123.55680084228516,27968000
2021-07-20 00:00:00-04:00,124.49851812065599,126.00159811872851,123.33117189440424,125.17493438720703,26312000
2021-07-21 00:00:00-04:00,125.09954731955017,126.55006030841558,124.99044841519027,126.50344848632812,20746000
2021-07-22 00:00:00-04:00,126.79603176039008,127.42979365327596,126.45385860301083,127.36878967285156,14302000
2021-07-23 00:00:00-04:00,129.36133455179797,132.30550704776215,128.73650906326645,131.92465209960938,41506000
2021-07-26 00:00:00-04:00,132.23557346986715,133.13661932706722,131.2169841004671,132.936279296875,30572000
2021-07-27 00:00:00-04:00,133.15002872677817,133.29730999351878,129.03751867433039,130.81878662109375,54710000
2021-07-28 00:00:00-04:00,135.19460884795575,137.16333785236336,134.1685888131194,134.9783935546875,95130000
2021-07-29 00:00:00-04:00,135.03393383670254,135.54074659888502,134.43191491467985,134.66448974609375,31716000
2021-07-30 00:00:00-04:00,133.92810471351868,134.1953963144615,133.15449968254848,133.62213134765625,25576000
2021-08-02 00:00:00-04:00,134.00939911638073,134.22709749139312,132.69724618575344,133.74905395507812,21634000
2021-08-03 00:00:00-04:00,134.02725111270541,134.61935743991575,132.2266425296642,134.51820373535156,20762000
2021-08-04 00:00:00-04:00,134.24003092596388,134.53757482662922,133.38459788669277,134.0178680419922,19676000
2021-08-05 00:00:00-04:00,134.56829449236173,135.23231626590845,133.74063191754414,135.13461303710938,17870000
2021-08-06 00:00:00-04:00,134.92681801926122,135.35378528959424,134.10163752154108,134.62579345703125,20488000
2021-08-09 00:00:00-04:00,134.8281306553872,136.05945443864798,134.23006169786746,135.79066467285156,17760000
2021-08-10 00:00:00-04:00,136.21618040832792,136.64316290986423,135.2466997947702,135.68557739257812,19414000
2021-08-11 00:00:00-04:00,136.0569633945346,136.55384835535224,135.15441945114708,135.161865234375,15352000
2021-08-12 00:00:00-04:00,134.86086429616063,136.1745155860973,134.31538491071916,136.0693817138672,16506000
2021-08-13 00:00:00-04:00,136.12494677939299,136.72648152836254,135.9097302737802,136.59852600097656,15948000
2021-08-16 00:00:00-04:00,136.39765092887563,137.22829471350076,134.18990032795978,137.17572021484375,22384000
2021-08-17 00:00:00-04:00,136.62082272063034,137.1320999211298,134.96649653381414,135.54124450683594,21716000
2021-08-18 00:00:00-04:00,135.381094351041,135.98064658270377,134.21225730986575,134.33871459960938,19258000
2021-08-19 00:00:00-04:00,133.33350458588953,135.234782779033,133.1495240793781,134.5677947998047,21782000
2021-08-20 00:00:00-04:00,134.8851768373789,136.42643919078785,134.1413247592316,136.30296325683594,31194000
2021-08-23 00:00:00-04:00,136.8385481592107,139.7197343782352,136.47951599303877,138.89356994628906,28454000
2021-08-24 00:00:00-04:00,139.45888047774642,140.91534875374498,139.18812326737765,140.1035614013672,19268000
2021-08-25 00:00:00-04:00,140.4640639174662,141.02393547801682,140.21711205572637,140.91433715820312,15848000
2021-08-26 00:00:00-04:00,140.58803917062994,141.2500632657939,140.198255364594,140.2810821533203,20610000
2021-08-27 00:00:00-04:00,140.49136699588402,143.32792410391343,140.33713933326362,142.82359313964844,28780000
2021-08-30 00:00:00-04:00,143.21634429613414,144.77398165183655,142.9812874740912,143.40528869628906,24434000
2021-08-31 00:00:00-04:00,143.9571917138558,143.98148131585134,143.0982932268432,143.51136779785156,22448000
2021-09-01 00:00:00-04:00,143.8113826192152,145.0551009489579,143.69583676431287,144.02511596679688,21936000
2021-09-02 00:00:00-04:00,144.02564581736442,144.32665531830855,142.0112884210009,142.11245727539062,32342000
2021-09-03 00:00:00-04:00,141.90763889729274,142.9733244158988,141.23320515681903,142.5612335205078,19850000
2021-09-07 00:00:00-04:00,142.65546562838,143.37997686078998,142.44173224208836,143.09780883789062,20124000
2021-09-08 00:00:00-04:00,142.91878162510545,143.216310341674,141.8277925519912,142.51312255859375,18344000
2021-09-09 00:00:00-04:00,142.66142436593762,143.12757293783594,142.00386461498047,142.3643798828125,15314000
2021-09-10 00:00:00-04:00,143.030327736573,143.53219172169224,139.58432216189144,139.72119140625,36840000
2021-09-13 00:00:00-04:00,140.78588503191912,141.77818710345173,140.09212560958235,141.16575622558594,22094000
2021-09-14 00:00:00-04:00,141.82332937621524,142.18782475783476,140.5880403778888,141.3760223388672,19674000
2021-09-15 00:00:00-04:00,141.60117640739975,143.2664141950181,140.18885318248124,143.24559020996094,27408000
2021-09-16 00:00:00-04:00,142.77052431927007,143.1171619764454,141.23422561732042,142.4328155517578,26190000
2021-09-17 00:00:00-04:00,141.858059023679,142.27411498980177,139.31854675119118,139.64584350585938,53384000
2021-09-20 00:00:00-04:00,137.0289727850643,137.86060046940307,135.2045585284387,137.5823974609375,46518000
2021-09-21 00:00:00-04:00,138.60392895402697,138.86378985932566,137.14449465996216,137.893310546875,25332000
2021-09-22 00:00:00-04:00,138.1620970935906,139.73211352931875,137.41576307062647,139.13356018066406,25056000
2021-09-23 00:00:00-04:00,139.83181383714714,140.53500172725538,139.25061879288333,140.05844116210938,20952000
2021-09-24 00:00:00-04:00,139.3864691123975,141.16378703061662,139.0914071880992,141.04922485351562,22984000
2021-09-27 00:00:00-04:00,139.65029458618613,140.77500156753678,138.91933644415815,139.9156036376953,21882000
2021-09-28 00:00:00-04:00,137.5184232831249,137.95630206318702,134.25043470064762,134.71658325195312,45772000
2021-09-29 00:00:00-04:00,135.85714754159193,136.02675103167505,132.76769140885952,133.25218200683594,30848000
2021-09-30 00:00:00-04:00,133.1609261171282,134.43141608042833,132.46120397036233,132.58021545410156,37996000
2021-10-01 00:00:00-04:00,133.3454089668454,135.78823199119176,132.9739823084811,135.42373657226562,35360000
2021-10-04 00:00:00-04:00,134.84600656635544,134.84600656635544,129.9757666568725,132.56387329101562,51202000
2021-10-05 00:00:00-04:00,132.9422266108893,136.09963269834668,132.9422266108893,134.90797424316406,32404000
2021-10-06 00:00:00-04:00,133.64543520241895,136.62084377835407,133.44707765743206,136.43736267089844,24364000
2021-10-07 00:00:00-04:00,137.753492623571,138.8940750879119,137.51447077791175,138.08377075195312,25110000
2021-10-08 00:00:00-04:00,138.4328463076523,139.1806633910254,138.07629612988345,138.6396484375,26526000
2021-10-11 00:00:00-04:00,138.15019117218512,139.55854921153343,137.72072679461957,137.77528381347656,17954000
2021-10-12 00:00:00-04:00,138.33665033617203,138.3634370023765,134.64714270868552,135.33050537109375,36332000
2021-10-13 00:00:00-04:00,136.27620589743762,136.86881181255762,135.39994880842988,136.45423889160156,19654000
2021-10-14 00:00:00-04:00,138.33070229242213,140.17892171906655,137.68702021920703,139.99395751953125,31894000
2021-10-15 00:00:00-04:00,140.4536525487432,140.55630449662968,139.60120099035484,140.20916748046875,30274000
2021-10-18 00:00:00-04:00,139.92006032333015,141.62546275603327,139.9131139513097,141.60760498046875,20396000
2021-10-19 00:00:00-04:00,142.21211472454237,142.4848695628123,141.43107913400408,142.06285095214844,20164000
2021-10-20 00:00:00-04:00,142.16302664662172,142.36932937667234,140.21760340386373,140.6068878173828,23288000
2021-10-21 00:00:00-04:00,140.6068856243596,140.99072189641535,139.3482906803263,140.72293090820312,26292000
2021-10-22 00:00:00-04:00,138.00934325689758,139.4305952313603,134.94071143427604,136.43882751464844,50588000
2021-10-25 00:00:00-04:00,136.42248030097556,136.8687885412158,134.313900493147,136.32032775878906,34412000
2021-10-26 00:00:00-04:00,138.1219203768164,138.9346913152146,137.17078194335667,138.1665496826172,49236000
2021-10-27 00:00:00-04:00,138.26224995262072,147.43146079079884,138.26224995262072,145.01890563964844,85782000
2021-10-28 00:00:00-04:00,145.92839660361173,145.95170251359744,143.4414441362277,144.65342712402344,36206000
2021-10-29 00:00:00-04:00,143.8887552596137,147.02682046055673,143.46377046547764,146.83242797851562,43320000
2021-11-01 00:00:00-04:00,146.8324466906108,146.8324466906108,142.05145038269242,142.3207244873047,46924000
2021-11-02 00:00:00-04:00,143.39436697063186,145.4072262525026,143.15236379198146,144.24037170410156,33482000
2021-11-03 00:00:00-04:00,144.7045091916116,145.46671841466951,143.40574947129778,145.39630126953125,27494000
2021-11-04 00:00:00-04:00,145.918488091667,148.5061103237096,145.10868328164617,147.0521240234375,38412000
2021-11-05 00:00:00-04:00,147.94672303683166,149.0952354055238,146.9822063116092,147.6318359375,38354000
2021-11-08 00:00:00-05:00,148.5968545496057,149.3803872526516,147.2137847900475,147.8093719482422,23052000
2021-11-09 00:00:00-05:00,148.00970530712945,148.60627612949312,146.03799485146035,147.69778442382812,19530000
2021-11-10 00:00:00-05:00,146.29090824279103,146.85624308458767,143.35269859682205,144.69757080078125,29970000
2021-11-11 00:00:00-05:00,145.2887206931375,146.32615178849034,144.40700036115916,144.57164001464844,16518000
2021-11-12 00:00:00-05:00,145.4136656401591,147.62986135268545,144.219040793597,147.45925903320312,22360000
2021-11-15 00:00:00-05:00,147.6799019486694,148.3235839005728,146.3652671051845,147.23507690429688,23508000
2021-11-16 00:00:00-05:00,146.93509022325514,147.5430567260628,146.10494573454355,146.66383361816406,18904000
2021-11-17 00:00:00-05:00,146.81404840607473,147.34168506259596,146.0330129778113,146.83338928222656,19594000
2021-11-18 00:00:00-05:00,147.026320462845,149.3461514524102,146.67225222682112,148.6102294921875,35608000
2021-11-19 00:00:00-05:00,148.7461161421964,149.7290051929881,147.67844804906963,147.70571899414062,33682000
2021-11-22 00:00:00-05:00,148.10838258410493,148.6013025990791,144.94949337082977,145.10272216796875,30594000
2021-11-23 00:00:00-05:00,144.9549360689054,145.45778377770264,142.93364778882065,144.58697509765625,27218000
2021-11-24 00:00:00-05:00,144.28102578011982,145.05066575153023,143.18955232530504,144.92222595214844,18040000
2021-11-26 00:00:00-05:00,143.16524773270095,143.37253416299765,140.67979308519273,141.0175018310547,30470000
2021-11-29 00:00:00-05:00,142.81958339759728,145.098250620001,142.71395011842046,144.33753967285156,32596000
2021-11-30 00:00:00-05:00,143.81981989380787,144.80319311094968,140.44075042064517,140.7343292236328,42068000
2021-12-01 00:00:00-05:00,142.8195956469263,144.75410739029755,139.75691130496085,139.895263671875,34020000
2021-12-02 00:00:00-05:00,140.09213056944827,142.68520065080236,139.06511173639353,141.7940673828125,29194000
2021-12-03 00:00:00-05:00,142.50321577437006,143.2163161657655,139.15091751675573,140.8374786376953,41230000
2021-12-06 00:00:00-05:00,141.86795825434288,142.67329857712156,139.00114949695094,141.9815216064453,30618000
2021-12-07 00:00:00-05:00,144.4030265379746,146.32167843600868,144.03704800153227,146.06231689453125,32240000
2021-12-08 00:00:00-05:00,146.38658085355377,147.17656029717736,145.20584912574702,146.97174072265625,24270000
2021-12-09 00:00:00-05:00,146.38117245241173,147.8778055616714,145.9090763713213,146.42828369140625,23270000
2021-12-10 00:00:00-05:00,147.481060069157,147.75628168931388,145.501419679147,146.7882843017578,24458000
2021-12-13 00:00:00-05:00,146.5700951293805,146.75705697342113,144.32466128723686,144.63113403320312,27070000
2021-12-14 00:00:00-05:00,142.78786052539195,143.2956569953205,140.05742162389038,142.72735595703125,38446000
2021-12-15 00:00:00-05:00,142.2334415962049,145.51828889506476,140.51662819810505,145.24058532714844,36370000
2021-12-16 00:00:00-05:00,145.96410864255435,146.46645697869997,142.42981251292935,143.26095581054688,33650000
2021-12-17 00:00:00-05:00,141.33188874138816,142.65545262972856,140.1417284945182,140.56324768066406,50416000
2021-12-20 00:00:00-05:00,138.85237592178575,140.61233535579893,138.17894105107746,140.44619750976562,27192000
2021-12-21 00:00:00-05:00,140.88905801007334,142.68968194664052,139.35077693447047,142.2964324951172,28756000
2021-12-22 00:00:00-05:00,141.89473474558528,145.29909260146448,141.89473474558528,145.21478271484375,26322000
2021-12-23 00:00:00-05:00,145.29911422761188,147.0283222152052,145.2515035755231,145.7122039794922,26384000
2021-12-27 00:00:00-05:00,146.0488961608223,147.12797496363228,145.96310316847794,146.69406127929688,15976000
2021-12-28 00:00:00-05:00,147.02087190142421,147.08335898865232,144.85726596471994,145.4845733642578,18200000
2021-12-29 00:00:00-05:00,145.44240783326498,146.2085820571264,144.45358650051998,145.45281982421875,17788000
2021-12-30 00:00:00-05:00,145.49151435657527,146.09254961389885,144.79775486353165,145.00205993652344,15688000
2021-12-31 00:00:00-05:00,144.85280491667777,145.4959875927401,143.6646270751953,143.6646270751953,18136000
2022-01-03 00:00:00-05:00,143.86594988262885,144.65543012836076,142.53495522830957,143.802978515625,28646000
2022-01-04 00:00:00-05:00,144.20414226489285,145.28421989053714,142.5384203965496,143.2158203125,28400000
2022-01-05 00:00:00-05:00,143.23614798069272,143.3149946024937,136.55933735130031,136.64561462402344,54618000
2022-01-06 00:00:00-05:00,135.8754939287169,138.7928795446468,135.43909829641714,136.61834716796875,37348000
2022-01-07 00:00:00-05:00,137.01307300645394,137.31359818480337,134.65357655381717,135.89382934570312,29760000
2022-01-10 00:00:00-05:00,133.97072480010584,137.68155536055949,132.07291243739996,137.53277587890625,44408000
2022-01-11 00:00:00-05:00,136.87572990846158,139.06662188460535,135.57200624477076,138.59054565429688,28730000
2022-01-12 00:00:00-05:00,139.99296095115926,141.4390172004531,139.54120457664413,140.2711639404297,26108000
2022-01-13 00:00:00-05:00,140.37975480829834,141.67902912526233,137.27442366179454,137.4509735107422,31436000
2022-01-14 00:00:00-05:00,135.95533915327124,139.5883225969847,135.8755088296192,138.337158203125,29662000
2022-01-18 00:00:00-05:00,135.0587297181779,136.00738617411443,134.32827105727515,134.8831787109375,34872000
2022-01-19 00:00:00-05:00,135.40439065709728,136.82862410530518,133.90875636510398,134.00892639160156,28648000
2022-01-20 00:00:00-05:00,135.1331212999803,136.49784887181025,131.8745463034307,132.21473693847656,29908000
2022-01-21 00:00:00-05:00,131.506600309101,133.75996411235568,129.02014712662628,129.28297424316406,55652000
2022-01-24 00:00:00-05:00,124.94532175448224,130.12749709636913,123.47944046052136,129.7317657470703,76622000
2022-01-25 00:00:00-05:00,127.68468965184117,128.3382842647663,125.46354548795776,125.89447784423828,46960000
2022-01-26 00:00:00-05:00,130.04418655853962,131.9097642410679,126.09978210305361,128.17364501953125,49130000
2022-01-27 00:00:00-05:00,130.22769119645346,131.56513295183782,127.8756248860706,127.94754028320312,31950000
2022-01-28 00:00:00-05:00,128.59616648080828,132.26336732239355,127.43179389269864,132.25790405273438,34362000
2022-01-31 00:00:00-05:00,133.06224407236246,134.36250208787934,131.12574979400958,134.1943817138672,39986000
2022-02-01 00:00:00-05:00,136.46660753981268,136.6634819687619,133.26705377749363,136.5157012939453,68644000
2022-02-02 00:00:00-05:00,150.0101630752151,150.30422616828662,144.32961959181026,146.78680419921875,123200000
2022-02-03 00:00:00-05:00,144.51112229924576,148.4480810526987,141.49603343553346,141.91705322265625,71518000
2022-02-04 00:00:00-05:00,142.26864026795846,143.68741021845733,139.36315001999446,142.11837768554688,57998000
2022-02-07 00:00:00-05:00,143.06757616212872,143.06757616212872,137.76142430297742,138.05996704101562,54974000
2022-02-08 00:00:00-05:00,137.8868882442639,138.85240387304552,135.89088796533107,138.25633239746094,54284000
2022-02-09 00:00:00-05:00,139.80799308806806,141.35620183871598,139.03785374463664,140.43133544921875,40144000
2022-02-10 00:00:00-05:00,138.55833324032872,140.3247247602678,136.82614390542432,137.48370361328125,39330000
2022-02-11 00:00:00-05:00,137.46387619119915,138.01580259283259,132.30648944702975,133.1817626953125,39958000
2022-02-14 00:00:00-05:00,132.16415735662878,135.18271167288583,132.16415735662878,134.41505432128906,34302000
2022-02-15 00:00:00-05:00,136.4427979327925,136.9763973849014,134.7081419187358,135.4886932373047,26680000
2022-02-16 00:00:00-05:00,135.52635776433524,136.95405656109108,133.81797410147496,136.60891723632812,25022000
2022-02-17 00:00:00-05:00,135.12617731893766,135.98954027468156,131.39254001045595,131.45254516601562,38950000
2022-02-18 00:00:00-05:00,132.37292423632954,132.97099324127743,129.1292409403073,129.33404541015625,45620000
2022-02-22 00:00:00-05:00,128.77367925061782,131.09697591573786,127.17241181915688,128.7493896484375,44990000
2022-02-23 00:00:00-05:00,130.56933788926054,130.96853484878528,126.4821167334988,126.54212188720703,32786000
2022-02-24 00:00:00-05:00,123.92920350156645,131.90974417427157,123.92920350156645,131.603271484375,54456000
2022-02-25 00:00:00-05:00,132.4572527893111,134.16265544616002,130.67150526556998,133.35731506347656,36406000
2022-02-28 00:00:00-05:00,131.95935360321266,134.6387009971114,131.5055996259116,133.9499053955078,38864000
2022-03-01 00:00:00-05:00,133.77285909543676,135.13857036774974,132.12647806196426,132.96255493164062,26496000
2022-03-02 00:00:00-05:00,133.52443917740345,134.15372912259033,131.9806947822643,133.46839904785156,23520000
2022-03-03 00:00:00-05:00,134.8950992840664,135.3210829638196,131.93506660358148,132.80191040039062,24604000
2022-03-04 00:00:00-05:00,131.83786771432526,132.75428947542676,129.26908704703752,130.82522583007812,30430000
2022-03-07 00:00:00-05:00,130.41015738314775,130.65512671280234,125.25971770982827,125.34253692626953,45112000
2022-03-08 00:00:00-05:00,125.2151114467419,130.17412576146435,124.6443284148386,126.06260681152344,40428000
2022-03-09 00:00:00-05:00,130.1741292671744,132.63925946578047,128.83568872512197,132.3263397216797,37026000
2022-03-10 00:00:00-05:00,130.18998790766506,132.17954098140794,129.8393852677274,131.3439483642578,27102000
2022-03-11 00:00:00-05:00,132.39426221843516,132.698752456179,128.56888416798853,128.80592346191406,31526000
2022-03-14 00:00:00-04:00,129.18231231398767,129.34000556632407,124.2480949884942,124.91854858398438,38812000
2022-03-15 00:00:00-04:00,125.93513042039176,128.79004377353704,124.68992141435149,128.138916015625,30920000
2022-03-16 00:00:00-04:00,129.66135482928354,132.240032982956,127.67923236827228,132.18797302246094,35576000
2022-03-17 00:00:00-04:00,132.0575056987614,132.98137294439837,131.1014036629921,132.74185180664062,28264000
2022-03-18 00:00:00-04:00,132.33078043484574,135.1271719338952,131.17433810969047,135.0096435546875,44566000
2022-03-21 00:00:00-04:00,135.04735863307442,135.92659703128163,132.99333557553928,134.98587036132812,26832000
2022-03-22 00:00:00-04:00,134.98586098558138,139.89379910609253,134.98586098558138,138.7214813232422,35496000
2022-03-23 00:00:00-04:00,137.56553055143635,138.4442694271566,136.70514886604158,137.14202880859375,25154000
2022-03-24 00:00:00-04:00,138.058933800913,140.458110844999,136.62132231474047,140.4114990234375,26396000
2022-03-25 00:00:00-04:00,140.7526772850465,140.87070507937713,138.59203769066454,140.5116729736328,24126000
2022-03-28 00:00:00-04:00,139.74551627484473,140.83848798996723,138.66543848117558,140.2959747314453,35050000
2022-03-29 00:00:00-04:00,141.4781907391212,142.61479282683288,140.87417414180615,141.33734130859375,34318000
2022-03-30 00:00:00-04:00,141.29221863890226,141.55058130392723,140.43926771554987,140.77499389648438,19884000
2022-03-31 00:00:00-04:00,140.88855215145054,140.9431091731122,137.88488921822,137.9275360107422,37524000
2022-04-01 00:00:00-04:00,138.3564979945896,139.3195316638882,137.1737682495904,139.0016632080078,25942000
2022-04-04 00:00:00-04:00,139.20795791982718,142.53396895874045,139.16034726925992,141.79953002929688,25942000
2022-04-05 00:00:00-04:00,141.69786404034355,141.81835862566132,139.23175060773136,139.43853759765625,21418000
2022-04-06 00:00:00-04:00,137.6126258686909,138.21812553888182,134.40612601563646,135.42868041992188,32468000
2022-04-07 00:00:00-04:00,134.89507649085877,136.04012309209003,133.12718701050363,134.7745819091797,26234000
2022-04-08 00:00:00-04:00,134.47208496943966,134.5578779659387,131.87554910979466,132.19491577148438,25142000
2022-04-11 00:00:00-04:00,130.7429100506066,131.009702203024,127.61377361707454,127.76750183105469,36884000
2022-04-12 00:00:00-04:00,130.52125019058332,130.52125019058332,125.7496824779024,126.66759490966797,32710000
2022-04-13 00:00:00-04:00,126.95075200878496,129.26561926423614,126.6938724329844,128.8292236328125,27928000
2022-04-14 00:00:00-04:00,129.40993832117093,129.40993832117093,125.56322179244722,125.69116973876953,31598000
2022-04-18 00:00:00-04:00,125.95895269585907,127.16150750964877,125.14765723721159,126.6299057006836,20808000
2022-04-19 00:00:00-04:00,126.64477542409657,129.26461711503015,125.95844660693362,128.9432830810547,26490000
2022-04-20 00:00:00-04:00,129.81905168731214,130.32189946504832,126.4548582513956,126.99042510986328,31696000
2022-04-21 00:00:00-04:00,128.1905088826277,129.0320490590413,123.50572537982224,123.79136657714844,36446000
2022-04-22 00:00:00-04:00,123.97534345046293,124.37404857874347,117.95014478551222,118.65481567382812,56884000
2022-04-25 00:00:00-04:00,118.12470752635328,122.26697049749592,117.5395474851339,122.06513977050781,46128000
2022-04-26 00:00:00-04:00,121.29203242122978,121.50576580824183,117.53954577935023,117.67740631103516,73054000
2022-04-27 00:00:00-04:00,113.53116592670582,116.2809382238553,111.81237758233146,113.35760498046875,91820000
2022-04-28 00:00:00-04:00,115.46071897101857,118.66870208583143,113.17956960106591,117.55094146728516,48884000
2022-04-29 00:00:00-04:00,115.77759257193108,116.95337579484945,112.88153042406998,113.17411041259766,42676000
2022-05-02 00:00:00-04:00,112.47538421530977,115.78850102043891,111.67698273748518,115.62733459472656,35534000
2022-05-03 00:00:00-04:00,115.47608756923125,117.47110390717961,115.08333755024837,116.37218475341797,24968000
2022-05-04 00:00:00-04:00,116.07216443085974,121.84742986414153,114.1723618582886,121.25879669189453,49916000
2022-05-05 00:00:00-04:00,119.21866011890872,120.04681450711568,114.06277194925556,115.55047607421875,45840000
2022-05-06 00:00:00-04:00,114.24030932144473,116.60774359414943,113.08089313905965,114.79769897460938,39710000
2022-05-09 00:00:00-04:00,112.32164753785878,114.13367438835873,111.08239366611014,111.58870697021484,40802000
2022-05-10 00:00:00-04:00,114.56065900721823,115.29707287210782,111.97502692676184,113.457275390625,39900000
2022-05-11 00:00:00-04:00,112.30827513659509,115.41063248936665,112.30827513659509,112.67127227783203,37534000
2022-05-12 00:00:00-04:00,110.46452808480267,113.35810876014217,108.92425681433669,111.91900634765625,53836000
2022-05-13 00:00:00-04:00,113.59413498511711,116.90874243005263,112.67374826062365,115.09919738769531,35038000
2022-05-16 00:00:00-04:00,114.0131798264507,115.21772470104247,112.95592377559407,113.50686645507812,25990000
2022-05-17 00:00:00-04:00,115.88272204406621,115.94173593854345,113.92837768916225,115.51823425292969,23054000
2022-05-18 00:00:00-04:00,114.05731760057398,114.45404021864253,110.64104923458649,110.98223114013672,35126000
2022-05-19 00:00:00-04:00,110.51807817312684,112.08363775970766,109.09830918068056,109.47916412353516,34144000
2022-05-20 00:00:00-04:00,111.03330620451212,111.26390609492667,104.92926089526213,108.01525115966797,48962000
2022-05-23 00:00:00-04:00,108.68918571926903,111.22819834582448,107.84962051186193,110.57410430908203,37184000
2022-05-24 00:00:00-04:00,104.90496623527923,105.58583938493665,101.04932840845038,105.1013412475586,76780000
2022-05-25 00:00:00-04:00,104.12489705414852,105.62698566700652,103.00515400506396,104.93768310546875,40258000
2022-05-26 00:00:00-04:00,104.81075980469681,107.75889006906108,104.36246143141612,106.90892028808594,37948000
2022-05-27 00:00:00-04:00,108.58554373009294,111.39730365863458,108.24386241128829,111.39581298828125,37914000
2022-05-31 00:00:00-04:00,111.82228915461961,114.78629421531303,111.15976563053904,112.8294677734375,50012000
2022-06-01 00:00:00-04:00,113.9135002886975,116.1415831356302,112.32165365581524,112.95838928222656,36606000
2022-06-02 00:00:00-04:00,113.06551449385536,116.93304735382672,112.02065295107872,116.65831756591797,37992000
2022-06-03 00:00:00-04:00,115.11110884827522,115.36798842891481,112.5879638758018,113.60208129882812,26136000
2022-06-06 00:00:00-04:00,115.74784575456003,118.36868641474054,115.21177950019366,115.86289978027344,33542000
2022-06-07 00:00:00-04:00,114.53387621473067,116.72625878645412,114.10889140185589,116.18919372558594,31590000
2022-06-08 00:00:00-04:00,115.80437236671298,117.59854920159584,115.64419719383626,116.23332977294922,26108000
2022-06-09 00:00:00-04:00,115.37393923285215,117.32928262353619,113.83515876761014,113.89417266845703,25798000
2022-06-10 00:00:00-04:00,111.52326180460535,112.3504249488664,109.46130149167207,110.25028228759766,41452000
2022-06-13 00:00:00-04:00,105.91113796225396,107.89969964994525,105.24911389802193,105.52037048339844,47252000
2022-06-14 00:00:00-04:00,105.66171972879,107.03982566560859,104.93274403233468,105.84073638916016,33706000
2022-06-15 00:00:00-04:00,107.65522972129614,110.5101358678124,106.78691045306238,108.86473846435547,39698000
2022-06-16 00:00:00-04:00,106.34207999882139,107.75787626146192,104.27615475355856,105.16431427001953,51684000
2022-06-17 00:00:00-04:00,105.16431896946578,107.80846549966309,104.18491071395393,106.26522064208984,51376000
2022-06-21 00:00:00-04:00,108.03657603615589,111.56739902352787,107.70977872020165,110.62964630126953,47416000
2022-06-22 00:00:00-04:00,109.6502478770662,112.41737098859431,109.47767062090766,110.57361602783203,30774000
2022-06-23 00:00:00-04:00,111.31151031036939,111.81832309519362,109.5947045131696,111.3219223022461,28362000
2022-06-24 00:00:00-04:00,112.06874621725599,117.11107066416578,112.02659127406567,117.00791931152344,41164000
2022-06-27 00:00:00-04:00,117.30350472362653,117.60748800861724,114.23535670053275,114.88400268554688,36420000
2022-06-28 00:00:00-04:00,114.8532454023872,116.34789602426181,110.93116279588207,111.08935546875,35792000
2022-06-29 00:00:00-04:00,110.63758563635704,112.23289804690751,109.96365128893204,110.78585815429688,24716000
2022-06-30 00:00:00-04:00,109.09830333262894,109.97902466562923,105.87494437052855,108.0698013305664,43170000
2022-07-01 00:00:00-04:00,107.0482435979797,108.35444913580423,105.85560141078064,107.84615325927734,35476000
2022-07-05 00:00:00-04:00,106.22258079388362,112.44762815748757,104.86479945326545,112.33456420898438,39342000
2022-07-06 00:00:00-04:00,112.37324154606672,114.64198891272858,110.5622056578975,113.63282775878906,37432000
2022-07-07 00:00:00-04:00,114.13666235926765,118.21247285733529,113.8921848578157,117.8093032836914,40936000
2022-07-08 00:00:00-04:00,116.2888797500777,118.70391717679874,115.94323338269083,118.37513732910156,38238000
2022-07-11 00:00:00-04:00,117.03073649463757,117.03073649463757,114.38509945369388,114.72826385498047,31196000
2022-07-12 00:00:00-04:00,115.26236105063236,116.01514205426072,112.75806498456316,113.08585357666016,29960000
2022-07-13 00:00:00-04:00,110.78535185551783,113.25990236152596,110.28994990879096,110.44070434570312,43722000
2022-07-14 00:00:00-04:00,109.30708832837976,110.18235402261737,107.48464911605639,109.46279907226562,37004000
2022-07-15 00:00:00-04:00,111.08241574521796,112.2130703596854,109.99093473931617,110.86123657226562,46770000
2022-07-18 00:00:00-04:00,111.71666191412223,112.74813768915693,107.48166747224792,108.1362533569336,43164600
2022-07-19 00:00:00-04:00,109.94133235969358,113.08534523356836,108.66190591539453,112.87706756591797,36530900
2022-07-20 00:00:00-04:00,112.24231974638516,114.45404329391755,111.55798096785527,112.96633911132812,35600400
2022-07-21 00:00:00-04:00,113.34321947485182,113.61101046049744,110.1992065063923,113.40272521972656,32676200
2022-07-22 00:00:00-04:00,110.09010519867219,111.41911725096242,105.62699282575305,107.01551818847656,48901200
2022-07-25 00:00:00-04:00,107.52134719462656,108.96937840173452,105.42864264206895,106.62872314453125,34690900
2022-07-26 00:00:00-04:00,105.72616877091382,106.32124889141323,103.2169090921242,104.15911865234375,47991000
2022-07-27 00:00:00-04:00,108.36437093577844,112.97625525163264,107.12461749425067,112.13321685791016,59858500
2022-07-28 00:00:00-04:00,111.44887316623573,113.4027181473664,110.5463290686979,113.28370666503906,32816600
2022-07-29 00:00:00-04:00,112.15306191622032,115.7533033393372,112.13322162287426,115.36650085449219,37223400
2022-08-01 00:00:00-04:00,114.35484497552494,115.76320287819019,113.40270780263636,113.91844940185547,26034300
2022-08-02 00:00:00-04:00,113.06552194158387,115.39625706472798,112.78781836154697,114.1862564086914,20236000
2022-08-03 00:00:00-04:00,114.76149298206536,117.6476425585004,114.53338259160023,117.11206817626953,28499000
2022-08-04 00:00:00-04:00,116.51698947915064,117.80632850385459,115.93182192650802,117.2211685180664,21602900
2022-08-05 00:00:00-04:00,115.27723913427396,117.1418256153438,115.04912116805919,116.50707244873047,19159500
2022-08-08 00:00:00-04:00,117.41953186952958,119.16510690112827,115.92190753578308,116.33847045898438,19138300
2022-08-09 00:00:00-04:00,116.17977937135981,116.35830417801051,114.76150106487229,115.67395782470703,19086500
2022-08-10 00:00:00-04:00,117.80633898841191,119.92879644019511,117.4393767839381,118.71879577636719,30930400
2022-08-11 00:00:00-04:00,120.28583826796728,120.49411594083621,117.58813353334271,117.86583709716797,24293700
2022-08-12 00:00:00-04:00,119.2741980957184,120.68255615234375,118.48075288719056,120.68255615234375,19096300
2022-08-15 00:00:00-04:00,120.13706749098401,121.29748248930953,119.62133337705963,121.07928466796875,19494800
2022-08-16 00:00:00-04:00,120.52386016096523,121.42640424546009,119.65107651347627,120.70238494873047,19041200
2022-08-17 00:00:00-04:00,119.13535751738875,120.2957650012785,118.40141798211481,118.57003021240234,22847000
2022-08-18 00:00:00-04:00,118.45100459562921,119.82960983443398,117.74682554009155,119.1849365234375,17987700
2022-08-19 00:00:00-04:00,118.08403247971835,118.17329866159419,115.8028907047583,116.24919891357422,21809500
2022-08-22 00:00:00-04:00,114.25566512130368,114.68214057418322,112.91673302356456,113.30353546142578,21456600
2022-08-23 00:00:00-04:00,112.54977631975122,114.06723327503279,112.50018315686643,112.9266586303711,15870400
2022-08-24 00:00:00-04:00,112.56961931409134,113.83912570446977,111.94478626575493,112.75806427001953,17734600
2022-08-25 00:00:00-04:00,113.30353847884851,115.76321250751124,113.17460685174579,115.69378662109375,16956800
2022-08-26 00:00:00-04:00,113.77960949375512,114.17633209597903,109.28674437319086,109.43550872802734,37245700
2022-08-29 00:00:00-04:00,109.08837563086466,110.04050530416411,107.90813557656172,108.5230484008789,21191200
2022-08-30 00:00:00-04:00,109.26691024996742,109.59420698279374,106.91634250859858,108.0469970703125,27513300
2022-08-31 00:00:00-04:00,109.74297432432968,109.94133184491908,107.24362719051874,107.33289337158203,28627000
2022-09-01 00:00:00-04:00,107.39241516821053,109.544625612437,106.47995833013141,108.84044647216797,28360900
2022-09-02 00:00:00-04:00,109.68346459238305,109.832236521105,106.38076712239958,106.96592712402344,24160700
2022-09-06 00:00:00-04:00,106.42045236173269,107.1444642288094,104.91290774228816,105.93446350097656,25068300
2022-09-07 00:00:00-04:00,106.18239517986085,109.07846482937784,106.02371068181908,108.55280303955078,23167000
2022-09-08 00:00:00-04:00,107.15437545780347,108.70158540495544,106.28159171756349,107.49158477783203,24238300
2022-09-09 00:00:00-04:00,108.17593072235994,110.08019027578453,108.12633755578807,109.74298095703125,23197700
2022-09-12 00:00:00-04:00,110.0801874345021,110.70502802301867,109.02887891863624,109.95125579833984,22966800
2022-09-13 00:00:00-04:00,106.91634367306543,107.4122450675289,103.2367486673143,103.4648666381836,38172900
2022-09-14 00:00:00-04:00,103.7128143662537,104.41699341820953,102.8102777889331,104.13928985595703,26395100
2022-09-15 00:00:00-04:00,103.17724342441045,104.40707676995653,101.51101442821535,102.0664291381836,34188300
2022-09-16 00:00:00-04:00,101.23330943767259,102.28461796293107,100.11257502049808,101.95732879638672,42797200
2022-09-19 00:00:00-04:00,100.91593353936474,102.48298375828159,100.71757600878111,102.22511291503906,23036800
2022-09-20 00:00:00-04:00,101.24321763980454,101.53084132005358,99.69600034029746,100.31092071533203,26517100
2022-09-21 00:00:00-04:00,100.83659474851395,102.03667529857252,98.45626637613883,98.4661865234375,31487300
2022-09-22 00:00:00-04:00,98.00995057481285,100.4101114902342,97.98019770206167,99.31912994384766,34298600
2022-09-23 00:00:00-04:00,98.81329918585423,98.84305962268306,96.67100931227313,97.93059539794922,31625400
2022-09-26 00:00:00-04:00,97.29584663330873,99.06125428806656,96.99831035340091,97.36527252197266,27072700
2022-09-27 00:00:00-04:00,98.61495489564797,99.18028220152245,96.0759420926826,96.70077514648438,30072800
2022-09-28 00:00:00-04:00,96.84954541208984,99.8745394269292,96.31397098941996,99.22987365722656,32466300
2022-09-29 00:00:00-04:00,97.83143782609437,97.83143782609437,95.17340574121954,96.6214370727539,31047200
2022-09-30 00:00:00-04:00,96.25446166796625,98.08929527552542,94.77667009540615,94.86593627929688,32941500
2022-10-03 00:00:00-04:00,95.9668494539462,98.47610954707449,95.72881131295725,97.83143615722656,27982000
2022-10-04 00:00:00-04:00,99.61667862054995,101.0051965284241,99.557165305316,100.80683898925781,28850800
2022-10-05 00:00:00-04:00,99.0116735801322,101.09445790974014,97.99011792498692,100.59855651855469,22176900
2022-10-06 00:00:00-04:00,99.85469120386499,102.0862471685817,99.76542503051238,100.588623046875,22324000
2022-10-07 00:00:00-04:00,99.03150112865876,99.70592728808386,97.49421143647145,97.87109375,27502800
2022-10-10 00:00:00-04:00,98.18847777441846,98.2876565416277,96.21479230959145,97.05782318115234,18225100
2022-10-11 00:00:00-04:00,96.6313430235072,98.43642374055914,95.52052121037734,96.38339233398438,26507100
2022-10-12 00:00:00-04:00,96.50242112883399,97.94053224647043,95.9470063827848,96.76028442382812,21876400
2022-10-13 00:00:00-04:00,94.37003338415455,98.96207740272202,93.6063410275305,98.24797821044922,34574500
2022-10-14 00:00:00-04:00,99.17036238714927,99.86462890500115,95.58004100220128,95.76847839355469,25410700
2022-10-17 00:00:00-04:00,98.04961868688342,100.10265003936581,98.01986581562133,99.15052032470703,28419200
2022-10-18 00:00:00-04:00,102.28462505466679,102.62184195796414,99.15053198777534,99.9439697265625,24060700
2022-10-19 00:00:00-04:00,99.19020627528849,100.191921717045,98.10913722172899,98.81331634521484,23811100
2022-10-20 00:00:00-04:00,99.18027319596912,101.48125523144144,98.57527292412537,99.15052032470703,25323200
2022-10-21 00:00:00-04:00,97.04789829825931,100.47953493084219,96.9189666638649,100.30101013183594,32458700
2022-10-24 00:00:00-04:00,100.9655271818657,101.9077368068661,99.16044640435987,101.67961883544922,27176400
2022-10-25 00:00:00-04:00,102.05650031802847,103.9607597041695,101.87797552764937,103.62355041503906,40611400
2022-10-26 00:00:00-04:00,95.6395366616455,97.50412305253043,93.91380204631294,94.1518325805664,88114100
2022-10-27 00:00:00-04:00,93.74519206481907,94.64773619425107,91.04749495639449,91.46405029296875,60710900
2022-10-28 00:00:00-04:00,91.51363539732378,95.75855747636481,91.37478361921333,95.50068664550781,43697300
2022-10-31 00:00:00-04:00,94.63782719623836,95.24282754689693,93.2096362216236,93.73529052734375,31675000
2022-11-01 00:00:00-04:00,94.66756687746879,95.2428142728165,89.62921479576478,89.7283935546875,47161400
2022-11-02 00:00:00-04:00,90.19455387405776,90.43258444006051,86.16782914537849,86.25709533691406,57038300
2022-11-03 00:00:00-04:00,85.61241853361773,85.81077606951776,82.65684282083558,82.74610900878906,61288000
2022-11-04 00:00:00-04:00,84.69994242037153,85.92977550920158,83.02379362739967,85.87026977539062,51124900
2022-11-07 00:00:00-05:00,86.56454509810828,88.17126831965837,86.1380696016579,87.7646255493164,34078900
2022-11-08 00:00:00-05:00,88.1712646484375,89.57962271598969,86.87199792022133,88.1712646484375,30429000
2022-11-09 00:00:00-05:00,87.72494420662868,88.70683431006073,86.56453688459513,86.60420989990234,31769100
2022-11-10 00:00:00-05:00,91.49380333022981,93.61626060159357,90.85905017805679,93.16995239257812,51620100
2022-11-11 00:00:00-05:00,93.91380328731896,96.1354392923686,93.15011094483498,95.61970520019531,33090500
2022-11-14 00:00:00-05:00,94.31051943427285,95.99658864167773,93.73527959271193,94.91551971435547,30179500
2022-11-15 00:00:00-05:00,97.4545394739204,99.31912590340235,95.91724219824151,97.63306427001953,41640800
2022-11-16 00:00:00-05:00,97.09749375411836,98.82322847399864,96.83962291238991,98.03970336914062,29105200
2022-11-17 00:00:00-05:00,96.17511335721086,98.46617527590662,95.99658856050377,97.55371856689453,26052600
2022-11-18 00:00:00-05:00,97.96035978371822,98.08929899123865,95.5800391036644,96.63134765625,28342300
2022-11-21 00:00:00-05:00,96.49250211567761,97.59340390655896,94.57832227419392,94.81635284423828,21647400
2022-11-22 00:00:00-05:00,95.16347408012261,96.42306785300386,93.27905484436155,96.25446319580078,23438500
2022-11-23 00:00:00-05:00,96.29412816473291,97.95044455619234,96.29412816473291,97.65290069580078,18868100
2022-11-25 00:00:00-05:00,97.43469959629758,97.83142220785665,96.60158892219253,96.66109466552734,9701400
2022-11-28 00:00:00-05:00,96.24453976932135,96.78011416235111,94.82626153412802,95.26265716552734,26237500
2022-11-29 00:00:00-05:00,94.94528050830175,95.33208297513312,93.33855733056448,94.40970611572266,20061700
2022-11-30 00:00:00-05:00,94.04274131301841,100.21175594756679,93.64601867914251,100.16216278076172,43647500
2022-12-01 00:00:00-05:00,100.19191565410281,101.4118364290716,99.42823082654697,100.16216278076172,28687100
2022-12-02 00:00:00-05:00,98.23806351073277,99.94395785152076,98.08929158774455,99.61666870117188,21480700
2022-12-05 00:00:00-05:00,98.58518949074,100.54895459128153,98.18846689898945,98.66453552246094,24405100
2022-12-06 00:00:00-05:00,98.48601001120109,98.96207106432217,95.62961342505861,96.18502807617188,24910700
2022-12-07 00:00:00-05:00,95.6197019736811,96.08584288669229,93.94355298868143,94.16175079345703,31045400
2022-12-08 00:00:00-05:00,94.59814224941029,94.79650733675184,92.6839626659769,92.94183349609375,32213300
2022-12-09 00:00:00-05:00,93.0013431152763,93.48733192437892,91.98970761165849,92.06905364990234,28225400
2022-12-12 00:00:00-05:00,91.95002489014092,92.7930556486765,90.85904346339758,92.54510498046875,29420000
2022-12-13 00:00:00-05:00,96.958644678424,98.71413232006631,94.25101968178204,94.84609985351562,40593700
2022-12-14 00:00:00-05:00,94.4196191950435,96.07593554575189,92.83273630132557,94.29068756103516,28733600
2022-12-15 00:00:00-05:00,92.36659290509361,92.8724144565508,89.2721729828965,90.11520385742188,40107000
2022-12-16 00:00:00-05:00,90.01601241882409,90.5813396378672,88.78617166028681,89.52011108398438,58011800
2022-12-19 00:00:00-05:00,89.5201151224369,89.81765139665094,87.4869165311304,87.71503448486328,29493000
2022-12-20 00:00:00-05:00,87.38774657684024,88.44897528550977,86.72324050727767,88.290283203125,23453800
2022-12-21 00:00:00-05:00,88.34979410199328,89.48044867408069,87.59602186498341,88.84569549560547,24745600
2022-12-22 00:00:00-05:00,87.43733387958731,87.81421619968995,85.61241288884075,87.04061126708984,27658300
2022-12-23 00:00:00-05:00,86.39593360126003,88.81593460502073,86.35626058532988,88.4985580444336,23003000
2022-12-27 00:00:00-05:00,88.07209058240402,88.21094236734609,86.29676268423916,86.67364501953125,20097300
2022-12-28 00:00:00-05:00,86.26701007977196,87.31831861670652,85.23553426923881,85.31487274169922,19523200
2022-12-29 00:00:00-05:00,85.9099593646084,88.12167532237186,85.9000392181079,87.7249526977539,23333500
2022-12-30 00:00:00-05:00,86.26700621056507,87.57618553312793,85.86036345245435,87.50675964355469,23986300
2023-01-03 00:00:00-05:00,88.85560627643153,90.30364497529531,87.79437761826055,88.38946533203125,28131200
2023-01-04 00:00:00-05:00,89.60937532240884,89.90691916874918,86.55462109181812,87.35798645019531,34854800
2023-01-05 00:00:00-05:00,86.75297891657829,86.8521576681051,85.195849060361,85.4933853149414,27194400
2023-01-06 00:00:00-05:00,86.07855178597063,86.97117567277324,84.16437239360367,86.62403869628906,41381500
2023-01-09 00:00:00-05:00,87.63568639320383,89.31183536259933,87.13978504764104,87.29846954345703,29003900
2023-01-10 00:00:00-05:00,85.2751970558133,87.94314109765213,85.12642514166373,87.6951904296875,30467800
2023-01-11 00:00:00-05:00,88.44897568545483,90.84913669096524,88.28037102229985,90.76979064941406,26862000
2023-01-12 00:00:00-05:00,90.73010969806401,91.11691212598826,89.01428778515732,90.38297271728516,30258100
2023-01-13 00:00:00-05:00,90.1052744877532,91.4342940509324,89.3911753274604,91.3648681640625,26329200
2023-01-17 00:00:00-05:00,91.30536421618127,91.49380917136953,89.31184601733088,90.54167938232422,32602400
2023-01-18 00:00:00-05:00,91.38470524390696,92.0392986943226,89.89700111134908,90.3730697631836,29116700
2023-01-19 00:00:00-05:00,89.97635197425116,92.84266148471706,89.88708578674498,92.2872543334961,37000400
2023-01-20 00:00:00-05:00,94.3204372009586,97.49421044649547,94.24109116727796,97.21649932861328,63191100
2023-01-23 00:00:00-05:00,97.1470790758333,99.21995081656387,96.70077085248677,98.97200012207031,40005100
2023-01-24 00:00:00-05:00,97.29585441335684,98.79347877926642,96.40323036854797,96.89913177490234,33078500
2023-01-25 00:00:00-05:00,94.786582552293,95.37175007274746,92.99142210911067,94.439453125,42330000
2023-01-26 00:00:00-05:00,95.70896843494373,96.77019710869844,94.59814659536165,96.7206039428711,30114000
2023-01-27 00:00:00-05:00,96.5123239826297,99.49765240364174,96.5123239826297,98.5554428100586,33879800
2023-01-30 00:00:00-05:00,96.68093725731849,97.48429507886306,95.60978845068932,96.1453628540039,27226200
2023-01-31 00:00:00-05:00,96.07593251835176,98.06945054380512,96.02633935545113,98.02977752685547,29870700
2023-02-01 00:00:00-05:00,97.90085604626204,100.36053038415385,96.78012157695186,99.60675811767578,35531100
2023-02-02 00:00:00-05:00,104.93273458159672,106.9659256907038,104.74428963661705,106.85682678222656,69883800
2023-02-03 00:00:00-05:00,102.08625562934304,106.92625024321528,101.73912618609937,103.92108917236328,65309300
2023-02-06 00:00:00-05:00,101.56060192669277,103.50453438595648,101.0448602652804,102.05650329589844,31999600
2023-02-07 00:00:00-05:00,102.37387842734272,107.29321903254016,102.27469966826962,106.75764465332031,49010200
2023-02-08 00:00:00-05:00,101.2134745048074,102.29453587919534,97.23634332555855,98.5554428100586,94743500
2023-02-09 00:00:00-05:00,99.18027975409596,99.21003262732542,92.86249320969232,94.23118591308594,119455000
2023-02-10 00:00:00-05:00,94.66757593087634,95.95692262073939,93.47741557627583,93.79479217529297,54980700
2023-02-13 00:00:00-05:00,93.96339666886732,94.4196250562035,93.07077262109874,93.83446502685547,50076100
2023-02-14 00:00:00-05:00,93.65593419962755,94.0724895395363,91.50372404324449,93.90388488769531,54726100
2023-02-15 00:00:00-05:00,93.7154415296958,96.32388765510876,93.37823222030585,96.1453628540039,50169000
2023-02-16 00:00:00-05:00,94.58822952133472,96.87929141683016,93.96338895576008,94.72708129882812,42462600
2023-02-17 00:00:00-05:00,94.07248521564689,94.77666422937034,92.44592938203277,93.57658386230469,34284100
2023-02-21 00:00:00-05:00,92.23765518012942,92.33683394114578,90.96814887866952,91.0375747680664,33629300
2023-02-22 00:00:00-05:00,90.94831301648848,91.35495579337403,89.86725160509873,90.89872741699219,30884000
2023-02-23 00:00:00-05:00,91.1665064831145,91.18634677544837,89.02421648917793,90.14495086669922,41206400
2023-02-24 00:00:00-05:00,88.70684756779147,89.1531558147064,87.85389652834307,88.39938354492188,36585100
2023-02-27 00:00:00-05:00,89.13331604003906,89.42093974612138,88.60765422535826,89.13331604003906,27502300
2023-02-28 00:00:00-05:00,88.59774267568118,90.48216943962086,88.58782252932733,89.3217544555664,30142000
2023-03-01 00:00:00-05:00,89.24242610290563,90.28381458248744,88.9349620659149,89.61930847167969,31111200
2023-03-02 00:00:00-05:00,88.92503489270483,91.52355315835904,88.85560143860462,91.245849609375,32204400
2023-03-03 00:00:00-05:00,91.7219244117424,92.96167788657921,91.69216397218837,92.88233184814453,35160100
2023-03-06 00:00:00-05:00,93.24929513438325,95.18331511806566,93.22946240796787,94.3501968383789,32639300
2023-03-07 00:00:00-05:00,94.20142849315206,94.8857672449639,92.76330996601668,93.09060668945312,27835500
2023-03-08 00:00:00-05:00,93.3484777291188,95.1733911604508,93.229458674828,93.47740936279297,34103300
2023-03-09 00:00:00-05:00,93.27905456209555,94.74691844025844,91.14667706997915,91.563232421875,28813500
2023-03-10 00:00:00-05:00,91.41445442058324,92.02937482791765,89.65896694454361,89.88707733154297,35941000
2023-03-13 00:00:00-04:00,89.35150848107031,91.81118269560834,88.687002437022,90.36315155029297,37335600
2023-03-14 00:00:00-04:00,91.80126901552406,93.58651716528313,91.68225751677693,93.19971466064453,36050200
2023-03-15 00:00:00-04:00,92.45585699442236,96.13544442535732,91.88060956204423,95.3221664428711,50622100
2023-03-16 00:00:00-04:00,95.41141283511351,100.3605135550846,94.71715400007437,99.49764251708984,65492000
2023-03-17 00:00:00-04:00,99.43815015945079,101.9969956149556,99.27945808045726,100.78700256347656,61028500
2023-03-20 00:00:00-04:00,99.29929255271749,100.91592828670724,99.05134186896636,100.39027404785156,32960400
2023-03-21 00:00:00-04:00,100.42003718857242,104.23847659545822,100.39028431417634,104.05995178222656,42110300
2023-03-22 00:00:00-04:00,103.41526808239401,105.71625013011207,102.48297865485124,102.52265167236328,43427400
2023-03-23 00:00:00-04:00,104.19880057571585,105.42864150563719,103.60372040435178,104.734375,40797800
2023-03-24 00:00:00-04:00,104.12936781949888,104.62526919076385,102.98879315221856,104.57568359375,30393300
2023-03-27 00:00:00-04:00,103.7624149352095,103.90126672624382,101.0944628976051,101.6201171875,31120900
2023-03-28 00:00:00-04:00,101.60028894771519,101.61020152833039,98.92241664480353,100.20184326171875,32057900
2023-03-29 00:00:00-04:00,101.44158753942646,101.64986521604924,99.82495172553267,100.55888366699219,28779600
2023-03-30 00:00:00-04:00,100.08282857556007,100.33077928644965,98.96208651955186,100.06298828125,33086200
2023-03-31 00:00:00-04:00,100.46962623998861,103.03839184898722,100.21175539436457,102.87970733642578,36863400
2023-04-03 00:00:00-04:00,101.5506793026603,103.67313650572234,101.09445096214598,103.50453186035156,25035400
2023-04-04 00:00:00-04:00,103.47478504857116,104.71453851392779,103.18716133658586,103.86158752441406,24420100
2023-04-05 00:00:00-04:00,104.91288362933807,105.23026017624618,102.81026684364201,103.6136245727539,28290500
2023-04-06 00:00:00-04:00,104.39716471996435,108.27510972849137,103.47478781441008,107.53125762939453,48711500
2023-04-10 00:00:00-04:00,106.10306402969181,106.7080567599706,104.25831026578564,105.56748962402344,27067400
2023-04-11 00:00:00-04:00,105.67658753468932,105.85511233488984,103.82191364187591,104.48641967773438,26311800
2023-04-12 00:00:00-04:00,105.70634939796318,105.87495406614505,103.48470556942307,103.7822494506836,24370300
2023-04-13 00:00:00-04:00,104.97240702008682,106.6088831893166,104.97240702008682,106.54937744140625,24843600
2023-04-14 00:00:00-04:00,106.01379677904549,108.04699547084493,105.96420361413152,107.97756958007812,26578000
2023-04-17 00:00:00-04:00,103.80208203407157,105.2897861961485,103.66322268410477,105.1013412475586,37571200
2023-04-18 00:00:00-04:00,105.61707995911007,105.6666731267469,103.21691895584503,103.64339447021484,26596400
2023-04-19 00:00:00-04:00,102.73093151613256,104.11945689106093,102.22510999070306,103.32601165771484,20905700
2023-04-20 00:00:00-04:00,103.05822535639409,105.37904011363008,103.01855233915232,104.42691040039062,27820800
2023-04-21 00:00:00-04:00,104.60544233096776,105.13109660328743,103.92109597885471,104.54593658447266,25800100
2023-04-24 00:00:00-04:00,104.62527258627793,105.75592714410803,103.84174748622819,105.1013412475586,23542800
2023-04-25 00:00:00-04:00,104.96249111597527,105.81544212100182,102.98879811509617,102.99871826171875,46664100
2023-04-26 00:00:00-04:00,104.05994371224027,105.47822196102051,101.788714484929,102.85986328125,53347600
2023-04-27 00:00:00-04:00,103.59379357823073,107.48166608530138,102.6912570160058,106.70805358886719,50089200
2023-04-28 00:00:00-04:00,106.16255438841672,106.47001078222277,104.22853472043866,106.46009063720703,36139800
2023-05-01 00:00:00-04:00,105.96419371928604,107.10476830411024,105.94436099528517,106.32124328613281,26681700
2023-05-02 00:00:00-04:00,106.26174573640694,106.3212514798493,102.85986201062076,104.4566650390625,30997200
2023-05-03 00:00:00-04:00,104.66494807746287,106.60888065380296,104.09962078519486,104.54593658447266,21795400
2023-05-04 00:00:00-04:00,104.62527054996112,104.73436945840507,103.117733691147,103.83183288574219,23419500
2023-05-05 00:00:00-04:00,103.96076069275621,105.01206915340022,103.25658167035746,104.7046127319336,26639300
2023-05-08 00:00:00-04:00,104.3178158732233,107.07502636899285,104.29798314719713,106.88658142089844,26511400
2023-05-09 00:00:00-04:00,107.50150758418665,109.24708267470773,106.31134722106391,106.47003173828125,36360100
2023-05-10 00:00:00-04:00,107.08494078998831,112.01420151452291,107.04526777320253,110.83395385742188,63153400
2023-05-11 00:00:00-04:00,114.45402601736026,116.9533653374252,113.47214352378336,115.61443328857422,78900000
2023-05-12 00:00:00-04:00,115.72354718741605,117.06247940985591,115.15821991274791,116.54674530029297,41102300
2023-05-15 00:00:00-04:00,115.15821666094425,117.50879187706043,115.05903790038903,115.55493927001953,36266800
2023-05-16 00:00:00-04:00,115.535101164742,119.76018303268906,115.47559542065336,118.53034973144531,45035600
2023-05-17 00:00:00-04:00,118.62952837460274,120.67263963270652,117.91542917883902,119.84944152832031,33323600
2023-05-18 00:00:00-04:00,119.95853382336384,122.2991888062752,119.83952234186759,121.82312774658203,35234200
2023-05-19 00:00:00-04:00,122.53723296740392,124.93739380984856,121.1487076020142,121.75370788574219,41353400
2023-05-22 00:00:00-04:00,121.93223602252743,125.39362560112353,121.73387092669454,124.02494049072266,35253000
2023-05-23 00:00:00-04:00,123.14224182358522,123.60838279305526,121.20822178352526,121.55535125732422,34046300
2023-05-24 00:00:00-04:00,120.12715625884692,120.9106813684256,118.87748262878495,119.9089584350586,34182600
2023-05-25 00:00:00-04:00,123.49928751875201,124.29273282527676,120.96027464484123,122.46781921386719,42317000
2023-05-26 00:00:00-04:00,122.16034076709491,124.23321241314245,121.44624158887478,123.58853912353516,35635900
2023-05-30 00:00:00-04:00,124.610087217516,124.62992750841212,120.99992609351675,122.65623474121094,35076700
2023-05-31 00:00:00-04:00,121.74379679384124,123.04305607346541,121.49584608754014,121.8628158569336,37325800
2023-06-01 00:00:00-04:00,121.81322462361568,123.4001076557752,121.61486708216643,122.70584869384766,30772700
2023-06-02 00:00:00-04:00,122.97362222070807,125.11591981661117,122.74551182311099,123.6480484008789,26980100
2023-06-05 00:00:00-04:00,122.99346805796284,126.38543183753264,122.82485583017811,124.9770736694336,32305500
2023-06-06 00:00:00-04:00,124.97707174019685,127.23837332481472,124.33239841304952,126.26641082763672,26638300
2023-06-07 00:00:00-04:00,125.92920957724658,127.98223361540205,121.11896724894035,121.495849609375,52539000
2023-06-08 00:00:00-04:00,121.22807540252184,122.21987833202445,120.24618505417803,121.13880920410156,29389200
2023-06-09 00:00:00-04:00,121.24787532634652,122.74549946341146,120.91066605364323,121.22804260253906,23778300
2023-06-12 00:00:00-04:00,121.78346450999771,123.03313813403905,120.66273009040363,122.62649536132812,28306400
2023-06-13 00:00:00-04:00,123.955500728595,124.1340255114408,122.170252900137,122.81492614746094,22278300
2023-06-14 00:00:00-04:00,122.09090752033342,123.03312459969855,120.45443159668147,122.65623474121094,30592300
2023-06-15 00:00:00-04:00,122.13059332494937,124.43157546435972,121.39666138886585,124.06460571289062,35246300
2023-06-16 00:00:00-04:00,124.89771540429278,125.07624019452584,122.26943671297158,122.51738739013672,45535600
2023-06-20 00:00:00-04:00,121.92232245860355,123.54887849797753,121.13879731318417,122.09092712402344,26097500
2023-06-21 00:00:00-04:00,121.39666999640949,121.6545408553707,119.11552042137501,119.56183624267578,30306300
2023-06-22 00:00:00-04:00,119.01633037340913,122.22976917477193,117.85592296831348,122.14051055908203,26952200
2023-06-23 00:00:00-04:00,120.3850207964695,121.78346637257002,120.06764420404919,121.33715057373047,34913600
2023-06-26 00:00:00-04:00,119.77010249354858,120.99993578775403,117.30050819204033,117.36993408203125,33969900
2023-06-27 00:00:00-04:00,116.1202700370029,118.10387557545451,115.14829999374557,117.36002349853516,39535900
2023-06-28 00:00:00-04:00,116.1301803056411,119.4031324056984,115.89214976448287,119.19485473632812,27091400
2023-06-29 00:00:00-04:00,118.26255477904468,119.0758327106557,117.33026536325183,118.12370300292969,24090900
2023-06-30 00:00:00-04:00,119.18494431736862,120.08748852515521,118.7088831961985,118.71879577636719,29532200
2023-07-03 00:00:00-04:00,118.26255895127434,119.2047761131289,117.84600360823359,118.91715240478516,14467900
2023-07-05 00:00:00-04:00,118.26256411758469,121.60494228794853,118.25265153768966,120.75199127197266,27584800
2023-07-06 00:00:00-04:00,118.81796320957261,119.31386454589494,117.4294379544993,119.12541961669922,24745200
2023-07-07 00:00:00-04:00,119.1155079508008,120.05772509699975,118.42124905726847,118.50059509277344,21709500
2023-07-10 00:00:00-04:00,117.33025567665399,117.34016825494791,115.1879583359944,115.49541473388672,35315200
2023-07-11 00:00:00-04:00,115.33674061449469,116.74509867791642,114.40444362500358,116.17977142333984,23078800
2023-07-12 00:00:00-04:00,117.82617700118566,119.34363409167489,117.4393745101533,117.95510864257812,30404400
2023-07-13 00:00:00-04:00,119.93870320943425,123.80673533006852,119.46263457450904,123.51911163330078,44297900
2023-07-14 00:00:00-04:00,123.7769786548953,125.7407437423268,122.47771198641469,124.39189147949219,33283100
2023-07-17 00:00:00-04:00,124.90764611490182,126.05813341949313,123.18190380773267,123.62821960449219,25716200
2023-07-18 00:00:00-04:00,123.57862461739118,123.65797065567115,121.95206866692536,122.74551391601562,26193600
2023-07-19 00:00:00-04:00,123.57861868845079,124.1538660880998,120.80157558357863,121.0296859741211,37224000
2023-07-20 00:00:00-04:00,120.42469622569655,123.07280793107658,117.25093023799634,118.22289276123047,37906800
2023-07-21 00:00:00-04:00,119.6312510365837,119.99821321316037,117.75674443491287,119.03616333007812,72937900
2023-07-24 00:00:00-04:00,120.66273743006377,121.99174960669664,119.98831119460458,120.53379821777344,29686100
2023-07-25 00:00:00-04:00,120.36517540126466,122.14050312936536,120.02795855095499,121.20820617675781,52509600
2023-07-26 00:00:00-04:00,129.00378761340536,129.90631659089652,127.26813284588675,128.21034240722656,61682100
2023-07-27 00:00:00-04:00,130.59066029279523,132.14779780312753,127.73426366088836,128.33926391601562,44952100
2023-07-28 00:00:00-04:00,129.7079618698937,132.64370465595107,129.49969176817697,131.4932098388672,36591200
2023-07-31 00:00:00-04:00,131.64199265883678,132.43543799339955,130.6997829450421,131.632080078125,28055500
2023-08-01 00:00:00-04:00,129.70795684787504,131.54279790983335,129.60877052366334,130.47164916992188,23166800
2023-08-02 00:00:00-04:00,128.3888500556574,129.02360314650636,126.51434365192316,127.32762908935547,26273300
2023-08-03 00:00:00-04:00,126.92099551059741,128.32935355941024,126.37550098690372,127.39705657958984,20089500
2023-08-04 00:00:00-04:00,128.22026771607946,130.43198377340173,126.86150269168164,127.05986022949219,26147200
2023-08-07 00:00:00-04:00,128.10126008485418,130.53117404718972,127.96240829082672,130.4518280029297,22746300
2023-08-08 00:00:00-04:00,129.54927103822243,130.43197488498015,128.4781222465879,130.3228759765625,23535200
2023-08-09 00:00:00-04:00,130.58075827957177,130.9576330468754,127.94255923989908,128.59715270996094,24912900
2023-08-10 00:00:00-04:00,130.2435507528464,130.9675625582551,128.38886922887625,128.6269073486328,20857800
2023-08-11 00:00:00-04:00,127.60533894622364,128.86491747828384,127.11935017534717,128.49795532226562,19591100
2023-08-14 00:00:00-04:00,128.3293488553076,130.29311393491162,127.9028809647762,130.25344848632812,24695600
2023-08-15 00:00:00-04:00,130.02535827661376,130.34272731563817,128.22026984503316,128.71617126464844,19770700
2023-08-16 00:00:00-04:00,127.64502716064453,129.21207752133685,126.8218365240768,127.64502716064453,25216100
2023-08-17 00:00:00-04:00,128.7359842548602,130.90803443349202,128.23015522856085,128.85499572753906,33446300
2023-08-18 00:00:00-04:00,127.45655703673252,128.1904964685169,125.344020051106,126.41516876220703,30504800
2023-08-21 00:00:00-04:00,126.13746322133102,127.6747528117732,125.52254284504185,127.31770324707031,25248700
2023-08-22 00:00:00-04:00,127.45656155015928,129.21205659443743,127.2681317464859,128.0218963623047,22054900
2023-08-23 00:00:00-04:00,129.11287688798097,132.31641072027463,128.80542045173755,131.28492736816406,27819700
2023-08-24 00:00:00-04:00,132.85198728819475,133.14953116670597,128.5079011432878,128.71617126464844,28500700
2023-08-25 00:00:00-04:00,128.4780984999274,129.6880988482932,126.20687726919849,128.81532287597656,26762900
2023-08-28 00:00:00-04:00,130.23360950918428,131.45352258706555,129.0732021716326,129.93606567382812,20543300
2023-08-29 00:00:00-04:00,131.15600145683445,135.45050919179718,131.15600145683445,133.46690368652344,43075600
2023-08-30 00:00:00-04:00,133.67517000710467,135.16287409396253,132.9709985475354,134.7661590576172,28315800
2023-08-31 00:00:00-04:00,134.8950799084139,136.8687727314443,134.67688210350767,135.05377197265625,30053800
2023-09-01 00:00:00-04:00,136.3332217281178,136.3332217281178,133.7446157733526,134.5479736328125,21543700
2023-09-05 00:00:00-04:00,134.32977722585983,135.30173975827023,133.47682618982745,134.65707397460938,19403100
2023-09-06 00:00:00-04:00,134.90499776499271,135.41081165738936,132.5742555345524,133.3577880859375,18684500
2023-09-07 00:00:00-04:00,132.49493620985484,134.46862928644677,131.86018300504648,134.1512451171875,18844300
2023-09-08 00:00:00-04:00,133.80411838628038,135.53977327338907,133.7446126401159,135.26206970214844,23558300
2023-09-11 00:00:00-04:00,135.4207328151726,136.35302976641478,134.6768807966762,135.79762268066406,20763400
2023-09-12 00:00:00-04:00,135.14304760406196,135.74804793318728,134.08182644991697,134.2305908203125,18405500
2023-09-13 00:00:00-04:00,133.98263986174015,135.77780055178212,133.05034278578884,135.58937072753906,20749500
2023-09-14 00:00:00-04:00,136.47207040513118,137.563044397484,135.1232180009584,136.9679718017578,24751000
2023-09-15 00:00:00-04:00,136.84892900879936,137.38451092876176,135.36122499467155,136.273681640625,38919600
2023-09-18 00:00:00-04:00,135.49019668646415,138.0192971438985,135.49019668646415,137.07708740234375,21861300
2023-09-19 00:00:00-04:00,136.2935192027612,137.2754092805613,135.50007405103756,136.90843200683594,20353700
2023-09-20 00:00:00-04:00,136.9481276445737,136.9481276445737,132.52468065263594,132.64370727539062,29927500
2023-09-21 00:00:00-04:00,130.3625454686309,131.14606291971518,129.00378065244968,129.37074279785156,31503900
2023-09-22 00:00:00-04:00,129.68812598105728,130.94771974828387,128.5376462586181,129.18231201171875,26397300
2023-09-25 00:00:00-04:00,128.76574160428865,130.0947535411447,127.90287812992364,130.03524780273438,20094600
2023-09-26 00:00:00-04:00,128.7062506995645,129.29141070631724,126.17715058968768,127.5160903930664,25718700
2023-09-27 00:00:00-04:00,127.51607239468865,129.826959222893,127.51607239468865,129.46990966796875,22746500
2023-09-28 00:00:00-04:00,128.77566411264445,132.20730825142687,128.72607094890918,131.2254180908203,22513100
2023-09-29 00:00:00-04:00,132.18746856469267,132.9511609153293,129.29140636705122,129.7873077392578,30859800
2023-10-02 00:00:00-04:00,130.1344325390662,133.3181105749404,130.09475195813707,133.07015991210938,22288000
2023-10-03 00:00:00-04:00,132.8420685488848,133.15943757319482,130.75927662958244,131.3444366455078,22989400
2023-10-04 00:00:00-04:00,131.70149484137792,134.45872070934675,131.44363154646038,134.1314239501953,26752300
2023-10-05 00:00:00-04:00,133.96279907226562,134.37935439370042,132.3560683939219,133.96279907226562,19832600
2023-10-06 00:00:00-04:00,132.9114964978089,137.02748746801123,132.9114964978089,136.45223999023438,27597600
2023-10-09 00:00:00-04:00,135.8174754746164,137.8010810398745,134.49837595767463,137.28533935546875,19278100
2023-10-10 00:00:00-04:00,137.36469462527216,138.57469531209054,136.2042871076599,136.9282989501953,27786600
2023-10-11 00:00:00-04:00,137.44403543423456,139.95329533664227,137.44403543423456,139.39788818359375,25884300
2023-10-12 00:00:00-04:00,139.89380826258108,140.06241294699714,137.12666957424625,137.8308563232422,24765500
2023-10-13 00:00:00-04:00,138.23745432331978,138.85236710628996,135.500069400509,136.2340087890625,23420500
2023-10-16 00:00:00-04:00,137.03737818636395,138.4854167971643,136.8588609633149,137.9597625732422,28501900
2023-10-17 00:00:00-04:00,137.4936454662008,138.75322429503643,136.05551910615523,138.57470703125,23515800
2023-10-18 00:00:00-04:00,138.30687783957188,139.56647145456625,136.2538542039491,136.8291015625,23375000
2023-10-19 00:00:00-04:00,137.36468644323884,138.51518131196565,136.25387216099756,136.62083435058594,26066000
2023-10-20 00:00:00-04:00,136.20426349098727,136.73983027790308,133.97270746704044,134.4884490966797,26335700
2023-10-23 00:00:00-04:00,133.9330343496389,136.53156779993722,132.85197300320976,135.38107299804688,26317900
2023-10-24 00:00:00-04:00,136.70018711343607,138.2176442463873,136.2935443173615,137.67214965820312,44814300
2023-10-25 00:00:00-04:00,127.10945300008548,127.2582173695509,124.04477835256257,124.58035278320312,84366200
2023-10-26 00:00:00-04:00,122.25953160944253,123.31084775543283,120.27592594806735,121.27764892578125,57061100
2023-10-27 00:00:00-04:00,121.87272000373477,122.29919549173574,119.22460845972752,121.16854095458984,44566500
2023-10-30 00:00:00-04:00,122.20002763263162,124.37207828472111,121.7437992319236,123.43978118896484,28940100
2023-10-31 00:00:00-04:00,124.03485157297696,124.34231557609246,121.68428385885795,123.0628890991211,26292300
2023-11-01 00:00:00-04:00,123.0529643757322,125.45312516564948,122.7058349336953,125.4134521484375,30082400
2023-11-02 00:00:00-04:00,127.3673155795192,127.92272273406017,125.889531505127,126.44493865966797,27124600
2023-11-03 00:00:00-04:00,126.970599202535,128.4682159884043,126.81190712180837,128.041748046875,26393100
2023-11-06 00:00:00-05:00,127.9921517032279,129.27157062977093,127.61526180428386,129.18231201171875,19052700
2023-11-07 00:00:00-05:00,129.63854481279463,130.8287050924927,128.8153467097953,129.8964080810547,29757300
2023-11-08 00:00:00-05:00,129.89641375169958,131.1262546701782,129.70796879855988,130.75927734375,26425800
2023-11-09 00:00:00-05:00,130.8782957156304,131.46345569784398,129.0037891497348,129.17239379882812,23747800
2023-11-10 00:00:00-05:00,129.03354879478132,131.71141329610631,128.34920244954847,131.5031280517578,26913300
2023-11-13 00:00:00-05:00,130.69976098599605,131.50311876629735,130.1741067560777,131.00721740722656,18324800
2023-11-14 00:00:00-05:00,133.09002359550504,134.58764041410248,132.2271599799759,132.52468872070312,32395200
2023-11-15 00:00:00-05:00,133.7644607504664,133.92315285660584,132.47512900579213,133.51651000976562,23861500
2023-11-16 00:00:00-05:00,134.08182888951592,136.09518745195533,133.21896525810197,135.80755615234375,28013200
2023-11-17 00:00:00-05:00,134.88518254388185,134.94468829125762,132.55443988026462,134.20083618164062,37240600
2023-11-20 00:00:00-05:00,132.59412016100978,135.53977571897755,132.524686700092,135.1331329345703,27815500
2023-11-21 00:00:00-05:00,135.17279523893023,136.05549911438757,134.84551363674532,135.84722900390625,22635300
2023-11-22 00:00:00-05:00,136.3431389603489,138.27715149054157,136.3431389603489,137.3547821044922,17813900
2023-11-24 00:00:00-05:00,136.89854649174416,136.997732830458,134.8752753318926,135.5695343017578,12514300
2023-11-27 00:00:00-05:00,134.914934431914,137.28534253189412,134.88518155844346,135.2918243408203,23436500
2023-11-28 00:00:00-05:00,134.964518417708,136.1249258052487,134.309924978467,136.07533264160156,18730000
2023-11-29 00:00:00-05:00,136.44230617886066,137.15639020757226,133.7346738823066,133.88345336914062,23967200
2023-11-30 00:00:00-05:00,133.94296597089948,134.43886735166274,130.2038653225059,131.44361877441406,38988300
2023-12-01 00:00:00-05:00,130.77911376953125,131.02706446186437,129.5988660526321,130.77911376953125,31442300
2023-12-04 00:00:00-05:00,128.81534267439568,128.96410702955671,126.85156995087304,128.21034240722656,36669900
2023-12-05 00:00:00-05:00,127.89295847123121,131.05681158807658,127.19869958988002,129.91624450683594,27384800
2023-12-06 00:00:00-05:00,130.36255115310777,130.75926618523522,128.81534134061891,128.95419311523438,23576200
2023-12-07 00:00:00-05:00,133.93304938270325,137.42419963070353,133.59584004786453,135.80755615234375,56767100
2023-12-08 00:00:00-05:00,133.09992075278979,135.281883689647,132.93131610801126,133.88345336914062,32260100
2023-12-11 00:00:00-05:00,131.29484350017327,132.2469655972193,130.2832005300675,132.19737243652344,31138000
2023-12-12 00:00:00-05:00,130.72952914922644,131.9097769432704,130.18403456369643,131.4337158203125,29032800
2023-12-13 00:00:00-05:00,132.28666474618618,132.40567624159368,130.49150406647652,131.48330688476562,30104800
2023-12-14 00:00:00-05:00,132.28665787823815,132.6238671868591,128.62690324736187,130.85845947265625,38722400
2023-12-15 00:00:00-05:00,130.54106870618423,132.41557523506742,130.10467308952005,131.51304626464844,50847100
2023-12-18 00:00:00-05:00,131.5427856233193,136.02572254525143,131.34441299342456,134.68679809570312,32258000
2023-12-19 00:00:00-05:00,135.71829114427823,136.34313174933595,134.96452646649996,135.52984619140625,25476800
2023-12-20 00:00:00-05:00,137.83081892143701,140.5384359860807,136.9382025676404,137.2059783935547,49107200
2023-12-21 00:00:00-05:00,138.34655173387108,139.5367118409951,138.03908021197546,139.2689208984375,27488300
2023-12-22 00:00:00-05:00,139.61607052198642,140.82607102846447,139.5565647812921,140.33016967773438,26532200
2023-12-26 00:00:00-05:00,140.42934263685476,141.5104039629761,140.03262760475596,140.35992431640625,16780300
2023-12-27 00:00:00-05:00,140.42934564037535,140.9153344287429,138.74328401733115,139.21934509277344,19628600
2023-12-28 00:00:00-05:00,139.6259846308267,139.9830342126131,138.60442904782565,139.0804901123047,16045700
2023-12-29 00:00:00-05:00,138.48543138650385,139.20944320132398,137.64239294340334,138.54493713378906,18733000
