date,open,high,low,close,volume
2020-01-02 00:00:00-05:00,150.4153225898607,152.2625919076215,149.9890318942147,152.15838623046875,22622100
2020-01-03 00:00:00-05:00,149.9795640082844,151.5236842826628,149.7332517957889,150.2637481689453,21116200
2020-01-06 00:00:00-05:00,148.80490629687822,150.7184951877552,148.26492739771743,150.6521759033203,20813700
2020-01-07 00:00:00-05:00,150.92692052732374,151.2584736153163,149.03228189326714,149.27857971191406,21634100
2020-01-08 00:00:00-05:00,150.55744770797486,152.32894460830389,149.62907885185848,151.65634155273438,27746500
2020-01-09 00:00:00-05:00,153.31411932222434,153.674105204978,152.5467931657798,153.5509490966797,21385000
2020-01-10 00:00:00-05:00,154.24251212062987,154.6214340015497,152.68889482600636,152.84046936035156,20725900
2020-01-13 00:00:00-05:00,153.2383090551339,154.70665632731206,152.76464957733063,154.67823791503906,21626500
2020-01-14 00:00:00-05:00,154.7824841808954,154.98142757393325,153.20046284462947,153.5888671875,23477400
2020-01-15 00:00:00-05:00,154.05306063131832,155.30352905130025,154.00570623006226,154.58355712890625,21417900
2020-01-16 00:00:00-05:00,155.69193253538216,157.48236543186604,155.38878342140092,157.41604614257812,23865400
2020-01-17 00:00:00-05:00,158.60013160767733,158.6475004445923,156.71496175600086,158.2969970703125,34371700
2020-01-21 00:00:00-05:00,157.89913292781256,159.32959395002115,157.66230316439436,157.72862243652344,29517200
2020-01-22 00:00:00-05:00,158.58124990495958,158.66651963033502,156.95185950255714,156.97080993652344,24138800
2020-01-23 00:00:00-05:00,157.43494905712768,158.0128142331594,156.56341729990527,157.93702697753906,19680800
2020-01-24 00:00:00-05:00,158.68539908526893,158.70434951248504,155.78660528365143,156.34552001953125,24918100
2020-01-27 00:00:00-05:00,152.66049687326566,154.77302928468092,151.76054644422686,153.73097229003906,32078100
2020-01-28 00:00:00-05:00,155.1519500770846,157.02763819872118,154.47936148498258,156.7434539794922,24899900
2020-01-29 00:00:00-05:00,158.99802382465174,159.86008761817865,156.96129367549298,159.18748474121094,34754500
2020-01-30 00:00:00-05:00,164.88087936173753,164.88087936173753,161.7926100859004,163.6777801513672,51597500
2020-01-31 00:00:00-05:00,163.13786388648447,163.31784241229383,160.64640948856473,161.2621612548828,36142700
2020-02-03 00:00:00-05:00,161.45161971954732,165.3072161697308,161.4232012972318,165.19354248046875,30107000
2020-02-04 00:00:00-05:00,167.80814179887963,171.12375938000062,167.02186503790605,170.6311492919922,36433300
2020-02-05 00:00:00-05:00,174.33516267075652,174.4962052107413,169.01123304263785,170.4227294921875,39186300
2020-02-06 00:00:00-05:00,171.4363801668238,174.1362460371025,170.57431610803914,173.9562530517578,27751400
2020-02-07 00:00:00-05:00,173.21727876610288,175.85082433596347,172.86676091922024,174.20248413085938,33529100
2020-02-10 00:00:00-05:00,173.90882553422875,178.89171832144078,173.5962085264368,178.75909423828125,35844300
2020-02-11 00:00:00-05:00,180.6064006880335,180.6537695392819,173.8330741528824,174.7235565185547,53159900
2020-02-12 00:00:00-05:00,175.80348736530172,176.0592675799467,172.2699910279323,174.9793243408203,47062900
2020-02-13 00:00:00-05:00,173.4351820239361,176.4192313976913,173.2362386533794,174.03199768066406,35295800
2020-02-14 00:00:00-05:00,173.59622590515036,175.64243864012167,173.0278286604553,175.58560180664062,23149500
2020-02-18 00:00:00-05:00,175.83190947940273,177.81180305026547,175.727703793834,177.36656188964844,27792200
2020-02-19 00:00:00-05:00,178.63937852179157,178.75336264089347,177.12903096601107,177.89845275878906,29997500
2020-02-20 00:00:00-05:00,177.58505602269517,177.8700309337573,172.028110481901,175.18179321289062,36862400
2020-02-21 00:00:00-05:00,173.99440364976678,174.30787459136025,168.37095788184524,169.64382934570312,48572600
2020-02-24 00:00:00-05:00,159.36584000819616,165.80620582569023,155.05325577394382,162.3295440673828,68311100
2020-02-25 00:00:00-05:00,165.473704157799,166.0816437187585,159.25181388106563,159.65078735351562,68073300
2020-02-26 00:00:00-05:00,161.20865045967483,164.58080718946448,159.78379060390208,161.64559936523438,56206100
2020-02-27 00:00:00-05:00,155.1387438829772,158.66288904796488,150.06623191703775,150.25621032714844,93174900
2020-02-28 00:00:00-05:00,144.7752687189207,155.50921622258826,144.38580353335962,153.8943634033203,97012700
2020-03-02 00:00:00-05:00,157.02905638868572,164.25784613285873,154.17933661297113,164.1343536376953,71030800
2020-03-03 00:00:00-05:00,165.09375911275336,166.2336440588436,154.13182955336734,156.2691192626953,71677000
2020-03-04 00:00:00-05:00,160.0497561503621,162.14904146075395,157.3235145582892,162.00656127929688,49814400
2020-03-05 00:00:00-05:00,157.73196790911553,162.3105094316325,157.39000100953325,157.94094848632812,47817300
2020-03-06 00:00:00-05:00,154.46432171432747,154.93927504171984,148.18543814642317,153.47642517089844,72821100
2020-03-09 00:00:00-04:00,143.43590508064403,149.84777500974567,142.48599842448084,143.07493591308594,70419300
2020-03-10 00:00:00-04:00,150.23722610593282,152.9634533148357,144.93674572307532,152.8589630126953,65354400
2020-03-11 00:00:00-04:00,149.25883148736696,149.8002707223912,143.5783794771565,145.9341583251953,56371600
2020-03-12 00:00:00-04:00,138.0214158544372,145.78215013607596,131.6380430840003,132.093994140625,93226400
2020-03-13 00:00:00-04:00,140.1112002373312,153.799355549348,133.68032956461008,150.87364196777344,92727400
2020-03-16 00:00:00-04:00,132.98698969057062,141.86862658553494,128.23745434447883,128.63641357421875,87905900
2020-03-17 00:00:00-04:00,132.98692056268771,140.111219878546,128.23738768544888,139.22781372070312,81059800
2020-03-18 00:00:00-04:00,131.08709725869974,138.68634927369683,128.25637994155176,133.3668670654297,81593200
2020-03-19 00:00:00-04:00,135.61814929503072,142.62844911064573,132.03699788391367,135.5611572265625,85922700
2020-03-20 00:00:00-04:00,138.6863510776693,139.7312540410922,129.05429960314783,130.46966552734375,84866200
2020-03-23 00:00:00-04:00,130.14670715023314,133.52838705805826,125.88163549437337,129.16830444335938,78975200
2020-03-24 00:00:00-04:00,136.5490663326342,142.10602543854912,134.19330215103852,140.9091339111328,82516700
2020-03-25 00:00:00-04:00,141.45062244939217,146.59911547079795,137.20453797240356,139.560302734375,75638200
2020-03-26 00:00:00-04:00,140.96613087253797,148.81236851080732,140.93763483465182,148.2899169921875,64568100
2020-03-27 00:00:00-04:00,144.1483307730437,147.1310370046496,141.7260659731949,142.20101928710938,57042300
2020-03-30 00:00:00-04:00,144.8037706334884,152.55501230058746,142.49548995938957,152.2035369873047,63420300
2020-03-31 00:00:00-04:00,151.41508315184382,156.52558451872216,148.71735229790227,149.80975341796875,77927200
2020-04-01 00:00:00-04:00,145.33574241165908,149.84779977411256,143.26495251632153,144.49032592773438,57969900
2020-04-02 00:00:00-04:00,144.25280649978632,147.69146350670735,142.8279467020778,147.48248291015625,49630700
2020-04-03 00:00:00-04:00,147.33053104311554,149.4963171018683,144.5662991410881,146.1241455078125,41243300
2020-04-06 00:00:00-04:00,152.28902386275382,158.15943933853654,149.68627471810913,156.99105834960938,67111700
2020-04-07 00:00:00-04:00,161.094653373126,161.4841185494659,155.08174298427676,155.30023193359375,62769000
2020-04-08 00:00:00-04:00,157.37099056058554,158.3208969546214,155.30969542485835,156.85804748535156,48318200
2020-04-09 00:00:00-04:00,158.02647150570388,158.98587200804732,155.14825550424828,156.86758422851562,51385100
2020-04-13 00:00:00-04:00,156.11717440218635,157.2760617539971,154.16986273762387,157.21905517578125,41905300
2020-04-14 00:00:00-04:00,160.53419132764907,165.04624700105933,159.58428487008902,164.99874877929688,52874300
2020-04-15 00:00:00-04:00,162.62402963993992,164.87531845127268,160.7622205618649,163.2699737548828,40940800
2020-04-16 00:00:00-04:00,165.5686980836176,168.3994152624169,164.23882034933587,168.1714324951172,50479600
2020-04-17 00:00:00-04:00,170.50819976197656,170.98315296465617,167.0600348723078,169.65328979492188,52765600
2020-04-20 00:00:00-04:00,167.7820097543469,169.79580713643446,166.22416348822875,166.2906494140625,36669600
2020-04-21 00:00:00-04:00,164.8087925244848,164.97027490463032,157.78898343996238,159.413330078125,56203700
2020-04-22 00:00:00-04:00,162.8044686369448,165.28372509311845,162.26302948839455,164.82777404785156,34620200
2020-04-23 00:00:00-04:00,165.38822820580504,166.29063651962912,162.34853017767068,162.83297729492188,32790800
2020-04-24 00:00:00-04:00,163.44092549392695,165.81569196802081,162.15856029457086,165.8061981201172,34277600
2020-04-27 00:00:00-04:00,167.74400953194305,168.03847827027482,164.61882307408098,165.3312530517578,33194400
2020-04-28 00:00:00-04:00,166.7940935372614,166.87008780328102,160.90467561776978,161.3036346435547,34392700
2020-04-29 00:00:00-04:00,164.54283224424475,168.77940781653479,163.2699608028428,168.54193115234375,51286600
2020-04-30 00:00:00-04:00,170.98317735810693,171.36313417668887,167.4020256405569,170.23275756835938,53875900
2020-05-01 00:00:00-04:00,166.9935609578009,169.69129186416407,165.29322025317992,165.82518005371094,39370500
2020-05-04 00:00:00-04:00,165.74918687198553,170.03325987772834,165.09374908184085,169.8812713623047,30372900
2020-05-05 00:00:00-04:00,171.57209180685686,174.45030708085739,170.88815802942887,171.705078125,36839200
2020-05-06 00:00:00-04:00,172.95903182399024,174.97282960108254,172.5315766630224,173.39598083496094,32139300
2020-05-07 00:00:00-04:00,174.9442711769014,175.3052402702839,173.43392338262575,174.40283203125,28316000
2020-05-08 00:00:00-04:00,175.7137316135177,175.7327338053412,174.1748874476006,175.4287567138672,30877800
2020-05-11 00:00:00-04:00,173.97538346108584,178.11697670899608,173.6904230840471,177.38555908203125,30892700
2020-05-12 00:00:00-04:00,177.4425542962417,177.67052260190522,173.16797463195846,173.36744689941406,32038200
2020-05-13 00:00:00-04:00,173.4054691701278,174.83032920522427,167.69652068640866,170.7457275390625,44711500
2020-05-14 00:00:00-04:00,168.64642242172906,171.63863710417746,166.87959545034084,171.4866485595703,41873900
2020-05-15 00:00:00-04:00,170.0903157494934,177.68957043813865,168.13350998627575,173.9849395751953,46610400
2020-05-18 00:00:00-04:00,176.44513478913066,176.87258982109455,174.7448085084128,175.647216796875,35264500
2020-05-19 00:00:00-04:00,175.7612448784623,177.25260543401274,174.2983948602983,174.43138122558594,26799100
2020-05-20 00:00:00-04:00,176.0411549622514,177.03181730648205,175.21243926902898,176.850830078125,31261300
2020-05-21 00:00:00-04:00,176.6031831674777,177.81292860726518,174.5932973177432,174.72665405273438,29119500
2020-05-22 00:00:00-04:00,174.49803205422208,175.70777736396283,173.878864430985,174.80284118652344,20826900
2020-05-26 00:00:00-04:00,177.4985581567519,177.65096998396217,172.50719436134594,172.95489501953125,36073600
2020-05-27 00:00:00-04:00,171.6499380419208,173.35501496219732,168.2207581533868,173.1835479736328,39517100
2020-05-28 00:00:00-04:00,172.16428012121764,175.41247189302518,171.82136076722483,172.79295349121094,33810200
2020-05-29 00:00:00-04:00,174.0598293942111,175.5267676685074,171.8499162297259,174.55516052246094,42130400
2020-06-01 00:00:00-04:00,173.87885733693813,174.31703770681008,172.8501138394492,174.1551055908203,22622400
2020-06-02 00:00:00-04:00,175.50775610396937,176.22217030792038,172.7453603292764,176.13644409179688,30794600
2020-06-03 00:00:00-04:00,176.0506917214427,177.11754545638277,174.86952184719328,176.5650634765625,27311000
2020-06-04 00:00:00-04:00,175.55538677286637,177.02231087757588,173.65028222738718,174.24085998535156,28761800
2020-06-05 00:00:00-04:00,173.95508846130764,178.82263107426536,173.3740310033493,178.31777954101562,39893600
2020-06-08 00:00:00-04:00,177.11750976884338,179.60367090970013,175.68868186110478,179.4226837158203,33211600
2020-06-09 00:00:00-04:00,179.07983650746422,181.6517248694954,178.37494255677035,180.79443359375,29783900
2020-06-10 00:00:00-04:00,182.06133107589403,189.10069219742158,181.94701491288964,187.50039672851562,43872300
2020-06-11 00:00:00-04:00,183.9664402531399,186.47164305333587,177.241422978696,177.4319305419922,52854700
2020-06-12 00:00:00-04:00,181.4993033099027,182.62332254770675,176.39362255626395,178.83216857910156,43373600
2020-06-15 00:00:00-04:00,175.822046723925,181.7659763289363,175.27908511704683,179.9751739501953,32770200
2020-06-16 00:00:00-04:00,183.7377855376434,186.30015317328437,182.37564292571702,184.38552856445312,42556700
2020-06-17 00:00:00-04:00,185.7762678316549,187.00506839796026,184.49985127974222,185.0237579345703,25687800
2020-06-18 00:00:00-04:00,184.7950924714294,187.16695224134497,184.7950924714294,187.00502014160156,23061600
2020-06-19 00:00:00-04:00,189.16731494300117,189.8340984950889,185.1475439842548,185.89053344726562,44441100
2020-06-22 00:00:00-04:00,186.50019277764127,191.2343784743109,185.96676585995345,191.05340576171875,32818900
2020-06-23 00:00:00-04:00,192.50125587297086,194.27300341072882,191.8725679807489,192.32980346679688,30917400
2020-06-24 00:00:00-04:00,192.0345322646708,193.60623760474027,187.23366096391769,188.4529266357422,36740600
2020-06-25 00:00:00-04:00,188.41484367523898,191.09151325340733,186.19539512120477,190.83432006835938,27803900
2020-06-26 00:00:00-04:00,190.25325928026015,190.40567113057938,185.63338952896157,187.01458740234375,54675800
2020-06-29 00:00:00-04:00,186.49063740415164,189.11015551662007,184.36645042269134,189.02442932128906,26701600
2020-06-30 00:00:00-04:00,188.49102314215313,194.7016526637686,188.35766642321764,193.8538818359375,34310300
2020-07-01 00:00:00-04:00,193.50143255212635,196.5591311811581,192.19644082936517,194.98741149902344,32061200
2020-07-02 00:00:00-04:00,195.92092193188483,198.1499050400059,195.27319343767005,196.47340393066406,29315800
2020-07-06 00:00:00-04:00,198.92147558606962,201.1123485300744,198.21658173292928,200.70274353027344,31897600
2020-07-07 00:00:00-04:00,200.46458446974043,204.4843554530496,198.12131446740048,198.3689727783203,33600700
2020-07-08 00:00:00-04:00,200.10266563587942,203.1412952180682,198.78813883046487,202.73170471191406,33600000
2020-07-09 00:00:00-04:00,206.06561032506502,206.11324083997917,201.4362062503847,204.15098571777344,33121700
2020-07-10 00:00:00-04:00,203.4841535506681,203.92233386589348,201.06467786642992,203.5317840576172,26177600
2020-07-13 00:00:00-04:00,204.30336440933152,205.56074012154218,196.70200294166628,197.24496459960938,38135600
2020-07-14 00:00:00-04:00,196.34953640735574,198.94047885174237,192.44406763219953,198.46420288085938,37591800
2020-07-15 00:00:00-04:00,199.6168440382108,201.30286556387918,195.3017835765053,198.16896057128906,32179400
2020-07-16 00:00:00-04:00,195.65417289963912,195.9399414035497,192.7107907393768,194.24440002441406,29940700
2020-07-17 00:00:00-04:00,194.76835398301196,195.3113011914256,191.8344913952592,193.25379943847656,31635300
2020-07-20 00:00:00-04:00,195.2731341191273,202.22676570447337,193.37755065783742,201.5599822998047,36884800
2020-07-21 00:00:00-04:00,203.52232638406318,203.78903986328467,198.15945232404164,198.8452911376953,37990400
2020-07-22 00:00:00-04:00,199.27391563942754,202.22683324824817,198.50235068955192,201.7029266357422,49605700
2020-07-23 00:00:00-04:00,197.35929283705426,200.91230847679552,192.55842160486344,192.92991638183594,67457000
2020-07-24 00:00:00-04:00,190.91051343665205,193.23474316986903,188.13858299901412,191.74876403808594,39827000
2020-07-27 00:00:00-04:00,191.91068608590263,194.2920665013878,191.32962868313254,194.17776489257812,30160900
2020-07-28 00:00:00-04:00,193.94912459232157,194.98740284441632,192.16785689975623,192.4345703125,23251400
2020-07-29 00:00:00-04:00,192.8918133073751,194.93979464709193,192.42505751425415,194.37779235839844,19632600
2020-07-30 00:00:00-04:00,191.4629920099021,194.75882901393874,190.10084934195524,194.2253875732422,25079600
2020-07-31 00:00:00-04:00,194.7016574395373,195.36845558536268,189.56740183239614,195.28271484375,51044000
2020-08-03 00:00:00-04:00,201.48382393090174,207.3134381221961,200.455065920416,206.265625,78983000
2020-08-04 00:00:00-04:00,204.0080961402909,204.57963325518696,200.3312441892674,203.1698455810547,49280100
2020-08-05 00:00:00-04:00,204.70345036554147,204.79871139406026,201.53146450991576,202.83645629882812,28806400
2020-08-06 00:00:00-04:00,202.26492745672695,206.10371159915528,201.5124176259521,206.0846710205078,32656800
2020-08-07 00:00:00-04:00,204.6558589111581,205.4655196114251,200.92184126067818,202.39830017089844,27820400
2020-08-10 00:00:00-04:00,201.6266991825336,201.82674151677793,196.55912962091006,198.3689727783203,36716500
2020-08-11 00:00:00-04:00,197.3307026496794,197.7974438909009,193.50143901907384,193.7300567626953,36446500
2020-08-12 00:00:00-04:00,195.5494119121457,200.30265206772674,195.03504017950794,199.26437377929688,28013100
2020-08-13 00:00:00-04:00,199.50251647540682,201.32189449596746,198.27371611259795,198.79762268066406,22588900
2020-08-14 00:00:00-04:00,198.85478719753726,199.64540724846154,197.66409697652952,198.98814392089844,17958900
2020-08-17 00:00:00-04:00,199.65492961793257,201.1694839962256,199.00718662001864,200.3026580810547,20184800
2020-08-18 00:00:00-04:00,200.5408047630147,202.2839769572169,199.28344347190688,201.45526123046875,21336200
2020-08-19 00:00:00-04:00,201.94223033756498,202.5246923005992,199.8033505157827,200.2330322265625,27627600
2020-08-20 00:00:00-04:00,200.08026959141188,205.29378324171398,199.47872097132446,204.8927459716797,26981500
2020-08-21 00:00:00-04:00,204.20524223675469,206.487344560312,203.24084416167003,203.40316772460938,36249300
2020-08-24 00:00:00-04:00,205.09323916626136,205.79029360312026,202.83978144131711,204.04290771484375,25460100
2020-08-25 00:00:00-04:00,203.4795472015141,206.83108203246027,203.4795472015141,206.69740295410156,23043700
2020-08-26 00:00:00-04:00,208.04377292307376,212.06370355764227,207.54724433690507,211.1661376953125,39600800
2020-08-27 00:00:00-04:00,212.82755143281707,220.71464556244297,209.49510347359436,216.35096740722656,57602200
2020-08-28 00:00:00-04:00,217.87873599179866,220.2276849380382,216.35097723100844,218.57579040527344,26292900
2020-08-31 00:00:00-04:00,216.7520416656349,218.37529192711878,214.18347989796817,215.34840393066406,28774200
2020-09-01 00:00:00-04:00,215.32934880592342,217.18176986293003,214.29810364315898,217.00990295410156,25725500
2020-09-02 00:00:00-04:00,217.678264507204,222.34750420927097,217.08625915391343,221.19212341308594,34080800
2020-09-03 00:00:00-04:00,218.9195572217702,218.95774500180633,205.2555877927425,207.4899444580078,58400300
2020-09-04 00:00:00-04:00,205.38925379080658,208.5020748978359,195.92664012521107,204.57762145996094,59664100
2020-09-08 00:00:00-04:00,197.17748739866187,200.5481231847253,193.071609444414,193.51084899902344,52924300
2020-09-09 00:00:00-04:00,198.22783448322465,205.14097294009073,197.3684565418966,201.75123596191406,45679000
2020-09-10 00:00:00-04:00,203.7660088945279,205.0455254022006,194.89541419577412,196.09852600097656,35461500
2020-09-11 00:00:00-04:00,197.8459033435166,199.21135322657878,192.15497713349296,194.8190155029297,33620100
2020-09-14 00:00:00-04:00,195.0195252630017,199.75559632088394,194.81899936925464,196.13670349121094,30375800
2020-09-15 00:00:00-04:00,199.01080496489146,200.30940787534448,197.5880662872127,199.35455322265625,21823900
2020-09-16 00:00:00-04:00,201.11151778672067,201.14016226576354,195.4014900352988,195.79298400878906,26328100
2020-09-17 00:00:00-04:00,191.01870274350762,195.10548005964475,190.93276930959968,193.7495880126953,34011300
2020-09-18 00:00:00-04:00,193.6445722843672,194.45619018917904,187.3902699158646,191.34336853027344,55225300
2020-09-21 00:00:00-04:00,188.2878215402221,193.55862414931087,187.5143914784935,193.3962860107422,39839700
2020-09-22 00:00:00-04:00,195.8025265449776,198.70529334933173,192.9570632684131,198.0559844970703,33517100
2020-09-23 00:00:00-04:00,198.51430313425325,198.70528574638803,190.99960067045066,191.53431701660156,30803800
2020-09-24 00:00:00-04:00,190.82774092401178,196.28951164051597,190.2070765512696,194.01695251464844,31202500
2020-09-25 00:00:00-04:00,194.3606932585249,199.60283667261433,193.39628060658876,198.43792724609375,29437300
2020-09-28 00:00:00-04:00,201.35978019848167,202.97348710410114,198.66708273160546,199.9847869873047,32004900
2020-09-29 00:00:00-04:00,199.89885582352807,200.5863524369217,197.47351650129846,197.9031982421875,24221900
2020-09-30 00:00:00-04:00,198.3519364897126,202.41006842741774,197.21565721596724,200.83456420898438,33829100
2020-10-01 00:00:00-04:00,203.8519992404835,204.3294267405896,201.7799656384147,202.86849975585938,27158400
2020-10-02 00:00:00-04:00,198.6098003769444,201.4648215025371,196.26085113479485,196.8815155029297,33154800
2020-10-05 00:00:00-04:00,197.86496502406715,200.91095343144715,197.63579468225294,200.88230895996094,21331600
2020-10-06 00:00:00-04:00,199.39275095522328,200.6913392657094,195.57333243282775,196.61412048339844,28554300
2020-10-07 00:00:00-04:00,197.71222594721692,200.62453590384288,197.3875788228527,200.357177734375,25681100
2020-10-08 00:00:00-04:00,201.0064564005077,201.65576516882732,198.9153368592637,201.07330322265625,19925800
2020-10-09 00:00:00-04:00,201.69399310665412,206.11497588280443,201.69399310665412,206.06723022460938,26458000
2020-10-12 00:00:00-04:00,208.9126745888685,213.75379540238984,207.02206617071406,211.40484619140625,40461400
2020-10-13 00:00:00-04:00,212.66525585132484,215.04284947727942,210.47863026566432,212.79893493652344,28950800
2020-10-14 00:00:00-04:00,212.93260977868263,214.09753374216916,209.23732654938445,210.88922119140625,23421700
2020-10-15 00:00:00-04:00,207.29899733498226,210.41181895444555,206.2581944574021,209.74342346191406,22733100
2020-10-16 00:00:00-04:00,210.21129302172162,212.2546818531345,209.4187763041029,209.74342346191406,26057900
2020-10-19 00:00:00-04:00,210.46909280467258,212.26422448710105,204.0715685727298,204.5489959716797,27625800
2020-10-20 00:00:00-04:00,206.0576559024547,207.55677026859448,203.46999314507534,204.95956420898438,22753500
2020-10-21 00:00:00-04:00,203.49863494271912,207.1270858226362,203.49863494271912,205.10279846191406,22724900
2020-10-22 00:00:00-04:00,204.27206899419642,206.30591426730527,202.14274698836158,205.18873596191406,22351500
2020-10-23 00:00:00-04:00,205.32243880395163,206.51600737560176,203.53686488314023,206.46826171875,18879600
2020-10-26 00:00:00-04:00,204.19570822507853,206.57328739211215,198.70529303319933,200.5959014892578,37111600
2020-10-27 00:00:00-04:00,202.03775528011514,204.97871027314426,200.83464328884742,203.62281799316406,36700300
2020-10-28 00:00:00-04:00,198.2946834325445,199.41186173741897,192.97615007156463,193.5299530029297,51195600
2020-10-29 00:00:00-04:00,194.8572249672143,197.9986908313189,194.18881495491607,195.47787475585938,31432600
2020-10-30 00:00:00-04:00,194.3129364566058,195.06726527827394,190.60809546277156,193.32943725585938,36953700
2020-11-02 00:00:00-05:00,195.06730829502152,196.01261992601422,191.08556496375604,193.19580078125,30842200
2020-11-03 00:00:00-05:00,194.6853471835195,198.72437896176254,193.95010489814203,197.1106719970703,27512000
2020-11-04 00:00:00-05:00,204.35801637531904,208.46389468820024,202.83024295706136,206.6210174560547,42311800
2020-11-05 00:00:00-05:00,212.01593477855405,214.0020343366813,211.16611466391598,213.20950317382812,36080100
2020-11-06 00:00:00-05:00,212.22600760843946,214.23120837473735,208.18697616938863,213.62010192871094,25231900
2020-11-09 00:00:00-05:00,214.30766815986485,217.8215277241729,208.04382140962406,208.53079223632812,44395000
2020-11-10 00:00:00-05:00,204.81635040648283,206.72605996738244,200.252145721527,201.48390197753906,44045100
2020-11-11 00:00:00-05:00,202.80160436416497,208.19652799591586,202.62017962636645,206.7738037109375,29440800
2020-11-12 00:00:00-05:00,207.40399459384702,209.2182126853454,204.7781441840893,205.71389770507812,21593900
2020-11-13 00:00:00-05:00,206.5923733192708,207.60451701831292,204.4916957931553,206.735595703125,18621100
2020-11-16 00:00:00-05:00,205.16962279080076,207.91006566149406,204.8354323909098,207.42308044433594,24953300
2020-11-17 00:00:00-05:00,206.3440982697899,207.85275581409536,204.41528777312377,204.77813720703125,24154100
2020-11-18 00:00:00-05:00,204.53880869388323,205.99399180635928,201.93480295916703,202.0784149169922,28372800
2020-11-19 00:00:00-05:00,202.36560952624848,203.94523869108724,200.9774337417931,203.3612518310547,24792700
2020-11-20 00:00:00-05:00,203.15064088991645,204.1941538861214,201.04446371546402,201.41783142089844,22843100
2020-11-23 00:00:00-05:00,201.9539699700148,203.23682175525894,199.28295679876337,201.14979553222656,25683500
2020-11-24 00:00:00-05:00,200.65197462988576,205.11325118374054,199.95310976628818,204.73988342285156,33979700
2020-11-25 00:00:00-05:00,205.93659115062835,206.10890800236606,203.39960677954608,204.7494659423828,21012900
2020-11-27 00:00:00-05:00,205.68769823970536,207.0471403927311,204.91222852958649,206.05148315429688,14512200
2020-11-30 00:00:00-05:00,204.96965270067608,205.60149571776424,201.84866694443141,204.94093322753906,33064800
2020-12-01 00:00:00-05:00,205.3621399555571,208.0523187829212,204.2516196677861,206.98965454101562,30904500
2020-12-02 00:00:00-05:00,205.71637614197203,206.28121189127353,203.72507667561828,206.1854705810547,23724500
2020-12-03 00:00:00-05:00,205.4579000486771,207.15242201812288,204.5388330764818,205.1036834716797,25120900
2020-12-04 00:00:00-05:00,205.08453781248255,206.19507283978558,204.08888068177146,205.21856689453125,24666000
2020-12-07 00:00:00-05:00,205.22810989970768,206.3482130777084,203.90697042743815,205.15151977539062,24620000
2020-12-08 00:00:00-05:00,204.84514471577273,207.69805705197672,203.81120009683755,206.7981414794922,23284100
2020-12-09 00:00:00-05:00,205.98447412790674,206.05148137156388,202.2029253719016,202.76776123046875,32440600
2020-12-10 00:00:00-05:00,202.7389906303878,203.99312283702398,201.3891171191543,201.54229736328125,26733300
2020-12-11 00:00:00-05:00,201.09232069066263,204.2228740744468,200.19240510079857,204.16542053222656,30979400
2020-12-14 00:00:00-05:00,204.0122872737172,206.98966090003364,203.80166807637727,205.06536865234375,28798400
2020-12-15 00:00:00-05:00,205.99399444063587,206.23333309866626,203.1889523803943,204.99835205078125,27000600
2020-12-16 00:00:00-05:00,205.59192574993037,210.72334762421664,205.56320627702797,209.92874145507812,35023300
2020-12-17 00:00:00-05:00,210.49356607819405,211.47007192934876,208.6267273980989,210.06275939941406,32515800
2020-12-18 00:00:00-05:00,209.26817321777344,210.3212692956712,206.80777908388407,209.26817321777344,63354900
2020-12-21 00:00:00-05:00,208.27250376445025,214.44743823854384,208.01401392274173,213.09756469726562,37181900
2020-12-22 00:00:00-05:00,213.19329092177676,216.0079156868305,212.38911659121038,214.38998413085938,22612200
2020-12-23 00:00:00-05:00,213.59539590479994,214.0262025743925,211.38390900722848,211.5945281982422,18699600
2020-12-24 00:00:00-05:00,211.97750974986306,214.0741192147462,211.76689051360512,213.25079345703125,10550600
2020-12-28 00:00:00-05:00,214.8782558753354,216.3908780288352,213.5092456892616,215.36651611328125,17933500
2020-12-29 00:00:00-05:00,216.65895424878013,217.49184821866578,214.04537983398163,214.591064453125,17403200
2020-12-30 00:00:00-05:00,215.62497594211862,216.00792655313228,212.02532784702316,212.2263641357422,20272300
2020-12-31 00:00:00-05:00,212.24548753402772,213.49005129277452,210.31162737376175,212.93478393554688,20942100
2021-01-04 00:00:00-05:00,213.04013300201316,213.4900908644091,205.64935379985505,208.4065399169922,37130100
2021-01-05 00:00:00-05:00,207.9948376371862,209.20111368086066,206.50136692413275,208.6075439453125,23823000
2021-01-06 00:00:00-05:00,203.12197248271838,207.25775235926994,202.90178496212872,203.1985626220703,35930700
2021-01-07 00:00:00-05:00,204.9121395926832,209.98612108796203,204.59622547999018,208.98089599609375,27694500
2021-01-08 00:00:00-05:00,209.35431096289832,211.17329358978736,207.77468161014076,210.2542266845703,22956200
2021-01-11 00:00:00-05:00,209.1532761190525,209.5745145115379,207.4874737327891,208.21507263183594,23031300
2021-01-12 00:00:00-05:00,207.26729032493492,207.84170898199775,204.22290942349233,205.7642364501953,23249300
2021-01-13 00:00:00-05:00,204.8930348974412,207.51617714350778,204.80686188159456,207.1140899658203,20087100
2021-01-14 00:00:00-05:00,206.70245392329073,208.1863566093762,203.66764131924498,203.93569946289062,29480800
2021-01-15 00:00:00-05:00,204.41439050035876,205.3621623545727,202.9879266626255,203.58148193359375,31746500
2021-01-19 00:00:00-05:00,204.63455257006677,207.7268039408653,203.5623200569144,207.2098388671875,30480900
2021-01-20 00:00:00-05:00,208.4160998078411,216.16109525037086,208.02358090402097,214.77293395996094,37777300
2021-01-21 00:00:00-05:00,215.11762400129965,216.6493975484757,212.9348561918226,215.37611389160156,30709400
2021-01-22 00:00:00-05:00,217.39610073257143,220.25859646157198,216.17068792070867,216.3142852783203,30172700
2021-01-25 00:00:00-05:00,219.3490735291546,219.9809310487722,214.65804199808883,219.74159240722656,33152100
2021-01-26 00:00:00-05:00,221.97228328877176,224.1933388163299,220.268192922811,222.4222412109375,49169600
2021-01-27 00:00:00-05:00,227.85044132559767,230.18638936387475,220.32563204875703,222.96792602539062,69870600
2021-01-28 00:00:00-05:00,225.5623280954357,232.29253006928437,225.0644995906523,228.74073791503906,49111200
2021-01-29 00:00:00-05:00,225.92611574790212,227.86954440379412,221.48399101899585,222.06797790527344,42503100
2021-02-01 00:00:00-05:00,225.03582896779693,232.15855139744787,222.51798103475792,229.43008422851562,33314200
2021-02-02 00:00:00-05:00,231.0096936130651,231.97661660777806,228.51099724463657,229.2960205078125,25916300
2021-02-03 00:00:00-05:00,229.3534571245512,234.63804419667926,229.05666491665414,232.63717651367188,27158100
2021-02-04 00:00:00-05:00,232.31171197270916,232.86697949222687,230.11936136908966,231.68942260742188,25296100
2021-02-05 00:00:00-05:00,231.9000115849641,232.90523688390178,230.16720201467962,231.8712921142578,18054800
2021-02-08 00:00:00-05:00,232.78075482945962,233.28815157632502,230.54054867068731,232.1297607421875,22211900
2021-02-09 00:00:00-05:00,231.55534615768994,234.3221002924528,231.08625176555742,233.37432861328125,23565000
2021-02-10 00:00:00-05:00,234.5519312842996,235.43269596717366,230.61720238332975,232.46490478515625,22186700
2021-02-11 00:00:00-05:00,234.34127083104315,234.69548737812784,231.82342341865782,234.0636444091797,15751100
2021-02-12 00:00:00-05:00,233.5275348439118,234.83912077191874,232.37871207689895,234.54234313964844,16561100
2021-02-16 00:00:00-05:00,234.5806107188213,235.6337066860198,232.56059180579354,233.3073272705078,26728500
2021-02-17 00:00:00-05:00,231.56092598454555,234.429999771811,231.1962886570467,234.32444763183594,21653500
2021-02-18 00:00:00-05:00,232.02154629365586,234.06539856792395,231.11955780224875,233.93106079101562,16925600
2021-02-19 00:00:00-05:00,233.89267239987308,233.9982245505223,230.46703730839147,231.22509765625,25262600
2021-02-22 00:00:00-05:00,227.81868976617673,228.3080600013354,223.00169538999594,225.0263671875,36446900
2021-02-23 00:00:00-05:00,221.01533386346114,225.33335146637455,219.4800328590724,223.83644104003906,30228700
2021-02-24 00:00:00-05:00,220.7082886727813,225.68840512166148,219.7391387901833,225.064697265625,26339700
2021-02-25 00:00:00-05:00,222.69458880716616,225.10307807896038,218.66444150450877,219.72955322265625,39542200
2021-02-26 00:00:00-05:00,222.16685132625005,225.85155697990797,220.25732229386043,222.98248291015625,37819200
2021-03-01 00:00:00-05:00,226.3600669468121,227.86658230167512,223.72127847623298,227.35801696777344,25324000
2021-03-02 00:00:00-05:00,227.4251865850806,227.7034670330312,224.00915718644586,224.41217041015625,22812500
2021-03-03 00:00:00-05:00,222.77135603173917,224.13392888093216,218.06950529574024,218.3573760986328,34029500
2021-03-04 00:00:00-05:00,217.5705638296597,223.0880319063651,215.19084531714768,217.5609588623047,44727800
2021-03-05 00:00:00-05:00,220.23813818964663,223.83648692978852,217.30188796036578,222.23402404785156,41872800
2021-03-08 00:00:00-05:00,222.01327174889764,223.93239070497876,217.94474893270365,218.19422912597656,35267400
2021-03-09 00:00:00-05:00,223.46223842117595,225.86113735770795,222.30116489353895,224.32583618164062,33080500
2021-03-10 00:00:00-05:00,227.41564385006524,227.41564385006524,222.65622140139538,223.02085876464844,29746800
2021-03-11 00:00:00-05:00,225.4581472805967,229.4978853058214,224.8344247079214,227.54039001464844,29907600
2021-03-12 00:00:00-05:00,224.54651717619805,226.2833322000355,223.7980619246952,226.21615600585938,22653700
2021-03-15 00:00:00-04:00,225.4580906490886,225.67878521883108,222.43546965240142,225.31414794921875,26034900
2021-03-16 00:00:00-04:00,226.7247459571365,230.3518801512368,226.39849920018347,228.096923828125,28092200
2021-03-17 00:00:00-04:00,226.60000251813773,228.90295443295722,223.7980901339011,227.45401000976562,29562100
2021-03-18 00:00:00-04:00,223.1552350369133,224.71932226839726,221.01542068391,221.3896484375,34833000
2021-03-19 00:00:00-04:00,221.67746433641042,223.06882283713475,220.07500155097284,221.03456115722656,46430700
2021-03-22 00:00:00-04:00,220.9577603820577,227.31962962902716,220.8330129672316,226.44644165039062,30127000
2021-03-23 00:00:00-04:00,227.88579586710034,231.30182541849308,227.48278262536803,227.97215270996094,31638400
2021-03-24 00:00:00-04:00,228.23124345357456,228.3751715285235,225.80355897799103,225.93789672851562,25620100
2021-03-25 00:00:00-04:00,225.78437942941395,227.35805660601366,222.20522617954543,222.94407653808594,34061900
2021-03-26 00:00:00-04:00,222.18600467967124,227.1373352031275,222.18600467967124,226.9166259765625,25479900
2021-03-29 00:00:00-04:00,227.02217262899796,227.2236865610609,222.50265570204917,225.72677612304688,25227500
2021-03-30 00:00:00-04:00,224.08596063121217,224.3930267427671,221.7542377436791,222.47390747070312,24792000
2021-03-31 00:00:00-04:00,223.49101075651635,229.43068651308948,222.99203570768762,226.2353515625,43623500
2021-04-01 00:00:00-04:00,228.82615975066759,233.0194301648767,228.42314650954665,232.54925537109375,30338000
2021-04-05 00:00:00-04:00,232.94266466595224,239.8515049488845,232.88509343721387,238.99749755859375,36910600
2021-04-06 00:00:00-04:00,237.59658162885503,239.3141870764356,236.89610713655097,237.8364715576172,22931900
2021-04-07 00:00:00-04:00,237.78848433406324,240.78230588022694,237.19356201186886,239.79396057128906,22719800
2021-04-08 00:00:00-04:00,242.54789934961562,243.8624913984209,241.80903431175963,243.00848388671875,23625200
2021-04-09 00:00:00-04:00,242.6438132210316,245.63764890551167,242.23120965191174,245.50331115722656,24326800
2021-04-12 00:00:00-04:00,244.40945962367468,247.2497628012072,244.32308812226344,245.56092834472656,27148700
2021-04-13 00:00:00-04:00,246.8563356380846,248.7082788148953,246.4437027152732,248.0365753173828,23837500
2021-04-14 00:00:00-04:00,247.06739624976979,248.36277817763542,244.84121113085754,245.25381469726562,23070900
2021-04-15 00:00:00-04:00,247.4991912440341,249.41831037148776,247.30729690134913,249.00570678710938,25627500
2021-04-16 00:00:00-04:00,248.9769265105959,250.445051503243,247.18255477329765,250.195556640625,24878600
2021-04-19 00:00:00-04:00,249.66778593713443,250.90562587805667,247.39363463217305,248.2764129638672,23209300
2021-04-20 00:00:00-04:00,247.39364839202,249.67740478959612,246.45326949789063,247.81585693359375,19722900
2021-04-21 00:00:00-04:00,248.46832989428225,250.13795399056434,246.84667205781687,250.0419921875,24030400
2021-04-22 00:00:00-04:00,249.6869986347857,251.19351425483057,245.30181881820317,246.76995849609375,25606200
2021-04-23 00:00:00-04:00,247.45123983804805,250.93444594888362,246.86589324164044,250.5889892578125,21462600
2021-04-26 00:00:00-04:00,251.07836035908593,251.82681565162977,249.64862597185794,250.97279357910156,19763300
2021-04-27 00:00:00-04:00,251.00159691898284,252.54650316167644,249.60064804856367,251.37583923339844,31014200
2021-04-28 00:00:00-04:00,245.72400771033827,246.1654262072266,242.72059614037644,244.26548767089844,46903100
2021-04-29 00:00:00-04:00,245.1290981102082,245.7432156591493,238.93033674663465,242.2983856201172,40589000
2021-04-30 00:00:00-04:00,239.6404523042984,242.84537828932935,239.50611452773182,241.9817657470703,30945100
2021-05-03 00:00:00-04:00,243.15242867019677,244.0640221231167,240.96463366662786,241.67471313476562,19626600
2021-05-04 00:00:00-04:00,240.8206790565612,241.0509786364311,235.821366992888,237.76927185058594,32756100
2021-05-05 00:00:00-04:00,238.9879262904949,239.41013488306382,235.87896236652082,236.50267028808594,21901300
2021-05-06 00:00:00-04:00,236.4834291811037,239.75553049788766,234.79460977972275,239.6307830810547,26491100
2021-05-07 00:00:00-04:00,241.95293622585686,244.0159980566037,241.0125719605132,242.2504119873047,27032900
2021-05-10 00:00:00-04:00,240.72473760173244,241.54995953059446,237.1263887215293,237.1839599609375,29299900
2021-05-11 00:00:00-04:00,234.66028588552803,236.62738584949687,232.76036211665323,236.2723388671875,33641600
2021-05-12 00:00:00-04:00,232.37653406692775,234.49716711113675,228.44234870372256,229.33473205566406,36684400
2021-05-13 00:00:00-04:00,232.0215127667873,235.66784215247608,231.6568754357032,233.20176696777344,29624300
2021-05-14 00:00:00-04:00,235.64865494854968,239.10306082061462,235.5622980961346,238.11471557617188,23901100
2021-05-17 00:00:00-04:00,236.57943823986372,236.6178141840923,233.67197362740927,235.26483154296875,24970200
2021-05-18 00:00:00-04:00,236.31075341180204,236.44509117389674,233.07702751284302,233.249755859375,20168000
2021-05-19 00:00:00-04:00,230.16243607762956,233.93259335141164,229.47958385849037,233.82679748535156,25739800
2021-05-20 00:00:00-04:00,234.63470174976987,238.47217569165701,234.53851835238595,237.05836486816406,21800700
2021-05-21 00:00:00-04:00,238.10670075398016,238.83764464564823,235.3848750918042,235.79843139648438,21863100
2021-05-24 00:00:00-04:00,238.31830198996036,241.55949482361876,238.04900607225056,241.1940155029297,21411500
2021-05-25 00:00:00-04:00,242.14617519695508,243.0887108966254,241.23249158269627,242.09808349609375,17704300
2021-05-26 00:00:00-04:00,241.819173240438,243.2714634355035,241.16517303578058,241.87689208984375,17771600
2021-05-27 00:00:00-04:00,241.56913052971964,241.86727856189606,239.72252348400554,239.7802276611328,24426200
2021-05-28 00:00:00-04:00,241.40559779033563,242.44431686460024,240.0206390246495,240.13604736328125,18270200
2021-06-01 00:00:00-04:00,241.62682349539628,241.68452766984606,237.52005320809064,237.94322204589844,23213300
2021-06-02 00:00:00-04:00,238.64532119633685,239.7417445032834,236.4428474366505,237.8470458984375,19406700
2021-06-03 00:00:00-04:00,235.84656534581532,236.92374910031265,233.71142277848813,236.31784057617188,25307700
2021-06-04 00:00:00-04:00,238.2894353899083,242.0307405997001,238.04899157263242,241.20361328125,25281100
2021-06-07 00:00:00-04:00,240.4246137375695,244.3775112737466,240.26111367835148,244.10821533203125,23079200
2021-06-08 00:00:00-04:00,245.40662906612567,246.2241440745736,242.8579153004243,242.91563415527344,22455000
2021-06-09 00:00:00-04:00,244.10819819545324,245.76245296444787,243.531141793228,243.8966064453125,17937600
2021-06-10 00:00:00-04:00,244.56980954753342,247.61863517541653,243.97351361873402,247.40704345703125,24563600
2021-06-11 00:00:00-04:00,248.12842639815597,248.6093140988236,246.80117164814428,248.0322723388672,18999700
2021-06-14 00:00:00-04:00,248.04184249398912,250.0134994576514,246.98388380020114,249.95579528808594,19150500
2021-06-15 00:00:00-04:00,249.84040565379067,250.05199743324715,247.8302984244831,248.4842987060547,18038900
2021-06-16 00:00:00-04:00,249.4845237170654,250.6194116030859,244.69488651031241,247.541748046875,27220000
2021-06-17 00:00:00-04:00,246.2817780645063,251.74465405768584,246.22407390163147,250.92713928222656,27565500
2021-06-18 00:00:00-04:00,249.70576404665513,252.2736880540248,248.85939695697047,249.51339721679688,37202200
2021-06-21 00:00:00-04:00,249.88855354977582,253.4471058031608,248.06118570603078,252.5911407470703,26696100
2021-06-22 00:00:00-04:00,252.67760068633095,255.6302578162363,252.36982555497457,255.3609619140625,24694100
2021-06-23 00:00:00-04:00,255.82262165338332,256.63050944325494,254.32225442204245,255.13014221191406,19518700
2021-06-24 00:00:00-04:00,255.98617080317328,257.6115737475346,255.32254335956736,256.49591064453125,21446900
2021-06-25 00:00:00-04:00,256.0534941839957,257.03449459793245,254.63968306773089,254.8897247314453,25611100
2021-06-28 00:00:00-04:00,256.0149822485252,258.6213852234761,255.74568632511017,258.4482727050781,19590000
2021-06-29 00:00:00-04:00,258.5925577009788,261.2662922485271,257.7365928224437,261.0258483886719,19937800
2021-06-30 00:00:00-04:00,260.3429572810892,260.9873302929651,259.2946257303389,260.544921875,21656500
2021-07-01 00:00:00-04:00,259.3042174129385,261.44898683933064,259.2946196189184,261.2181701660156,16725300
2021-07-02 00:00:00-04:00,262.3915641354273,267.3735535200733,262.0837889720143,267.03692626953125,26458000
2021-07-06 00:00:00-04:00,267.4023914794495,268.69116688821424,263.8149589636492,267.0465393066406,31565600
2021-07-07 00:00:00-04:00,268.7200270839339,269.960725504487,266.5560325451121,269.2297668457031,23260000
2021-07-08 00:00:00-04:00,266.3156842695692,268.07575022929956,264.3632807813375,266.8158264160156,24618600
2021-07-09 00:00:00-04:00,265.1807143722743,267.4216381390511,264.7960100826157,267.31585693359375,23916700
2021-07-12 00:00:00-04:00,268.48923727475227,269.075906208845,266.00784018519494,266.7195739746094,18931700
2021-07-13 00:00:00-04:00,266.9118604799698,272.03813906947397,266.7868543506358,270.2396240234375,26120100
2021-07-14 00:00:00-04:00,271.557263551942,272.8171868548692,269.82605039030216,271.7111511230469,23113700
2021-07-15 00:00:00-04:00,271.22067359330885,271.7111884591669,269.1336079777888,270.2877502441406,22604200
2021-07-16 00:00:00-04:00,271.28792181591155,273.2403241834957,268.7776734284187,270.01837158203125,26186800
2021-07-19 00:00:00-04:00,268.2679788683728,269.65293765611636,263.9592442852176,266.42138671875,32935600
2021-07-20 00:00:00-04:00,267.40239850810826,270.2300203759046,265.70006671057956,268.6430969238281,26259700
2021-07-21 00:00:00-04:00,268.23908626977857,270.758932492961,266.6906423505896,270.6435241699219,24364300
2021-07-22 00:00:00-04:00,272.9903523690856,275.4717495772376,272.5864230986805,275.20245361328125,23384100
2021-07-23 00:00:00-04:00,276.38534199654606,278.9051883924715,275.5486022461029,278.5974426269531,22768100
2021-07-26 00:00:00-04:00,277.95308263976796,278.616709994847,275.6833068492784,278.00115966796875,23176100
2021-07-27 00:00:00-04:00,278.3666124668251,278.51087288872895,272.1343274321578,275.58709716796875,33604100
2021-07-28 00:00:00-04:00,277.9434960316162,279.05915914851056,272.98073086380026,275.2793884277344,33566900
2021-07-29 00:00:00-04:00,275.29851304985465,277.58754263217537,275.144625501769,275.548583984375,18168300
2021-07-30 00:00:00-04:00,274.26951069995624,275.7025466900229,273.0576642728328,274.0194396972656,20944800
2021-08-02 00:00:00-04:00,275.4139435469008,275.8082749172966,272.8940971151015,273.9328308105469,16267400
2021-08-03 00:00:00-04:00,274.50995786548094,276.25076905660643,273.14422383185655,276.14495849609375,17879000
2021-08-04 00:00:00-04:00,275.27939596716925,276.59702375952793,273.7694013265721,275.5583190917969,16191300
2021-08-05 00:00:00-04:00,275.9141446379062,278.5590271143416,275.16396096408687,278.4532165527344,13900200
2021-08-06 00:00:00-04:00,277.481777929583,278.4339260044122,276.62578389584934,278.39544677734375,16589300
2021-08-09 00:00:00-04:00,278.67435793533804,280.4055415160007,276.8085117411987,277.3086242675781,16117600
2021-08-10 00:00:00-04:00,277.7607428078615,278.193553507934,274.29837461151317,275.490966796875,18616600
2021-08-11 00:00:00-04:00,276.23145639673766,277.6260422247308,274.93305396223553,275.9814147949219,13955900
2021-08-12 00:00:00-04:00,275.67367807710286,278.8860042800306,275.3947550024405,278.73211669921875,14561300
2021-08-13 00:00:00-04:00,278.4147964384472,281.7040523788136,278.2416545328539,281.6559753417969,18249000
2021-08-16 00:00:00-04:00,281.982882658373,283.5505809829247,278.9340422580359,283.3389892578125,22507600
2021-08-17 00:00:00-04:00,281.21350772659866,282.2137329544662,279.9535550193779,281.8771057128906,20075300
2021-08-18 00:00:00-04:00,281.4145875343293,284.09344038644264,279.7089674078397,280.1522521972656,21813000
2021-08-19 00:00:00-04:00,278.1864346679161,286.6469859033091,278.1382656084222,285.9724426269531,29850500
2021-08-20 00:00:00-04:00,288.8151504653693,294.7124789833826,287.21554348054167,293.28631591796875,40817600
2021-08-23 00:00:00-04:00,292.21670814145693,294.2884777670295,290.8676509020545,293.5657653808594,22830200
2021-08-24 00:00:00-04:00,293.92232360780326,294.5294067686128,291.0122120736746,291.6096496582031,18175800
2021-08-25 00:00:00-04:00,293.228511364618,293.50796840478165,289.4897037639269,291.0218505859375,20006100
2021-08-26 00:00:00-04:00,290.0388115555044,291.4264211448375,288.0730558099748,288.20794677734375,17666100
2021-08-27 00:00:00-04:00,288.11179568731205,289.9234000900662,286.03037973992974,288.81524658203125,22605700
2021-08-30 00:00:00-04:00,290.1642080093696,293.15142516677145,290.10639336951124,292.5443420410156,16348100
2021-08-31 00:00:00-04:00,293.34417025857385,293.4212466452703,290.5303969246272,290.8965759277344,26285300
2021-09-01 00:00:00-04:00,291.85055818104365,294.08615577563324,290.5207625531025,290.848388671875,18983800
2021-09-02 00:00:00-04:00,291.20496087003505,292.3227302959744,289.2584364332611,290.1931457519531,16285600
2021-09-03 00:00:00-04:00,290.03896669123856,291.5904047928127,289.3355453558773,290.18353271484375,14747900
2021-09-07 00:00:00-04:00,290.05817989071454,290.1352562629758,287.35042017874457,289.25836181640625,17180400
2021-09-08 00:00:00-04:00,288.872883508005,289.6726720708831,286.6469322825575,289.2872314453125,15046800
2021-09-09 00:00:00-04:00,289.8751463205612,291.1471272624396,286.1941239314484,286.4350280761719,19927000
2021-09-10 00:00:00-04:00,287.5624411048134,289.007865815786,284.6330387898814,284.9510192871094,19633400
2021-09-13 00:00:00-04:00,286.72404054188644,287.67804074980387,283.38029054523867,286.1844177246094,23652900
2021-09-14 00:00:00-04:00,288.6609260010995,290.42436047852436,287.25405429322365,288.882568359375,21853400
2021-09-15 00:00:00-04:00,292.2263443776221,294.211391982283,290.8387342879429,293.7295837402344,28356300
2021-09-16 00:00:00-04:00,292.70817930849984,294.20177323213824,289.81732959262365,294.11505126953125,19550800
2021-09-17 00:00:00-04:00,293.1032240780458,293.42120456252405,288.63202970257026,288.95965576171875,41372500
2021-09-20 00:00:00-04:00,285.5485173899759,287.85157536698296,278.98629016221753,283.5923767089844,38278700
2021-09-21 00:00:00-04:00,284.93188242077076,286.7145795603843,283.37082775391855,284.0742492675781,22364100
2021-09-22 00:00:00-04:00,285.9339770236081,289.29698969688434,283.7947469001605,287.7166442871094,26626300
2021-09-23 00:00:00-04:00,287.9767597966443,289.9521616041896,286.70477912281865,288.6609191894531,18604600
2021-09-24 00:00:00-04:00,287.3794331473521,288.8922890911744,286.1267137314538,288.45867919921875,14999000
2021-09-27 00:00:00-04:00,285.3653664442536,285.683346907745,282.2817822917721,283.467041015625,23571700
2021-09-28 00:00:00-04:00,279.2560390156346,280.20039373530875,272.4625547192188,273.20452880859375,43186200
2021-09-29 00:00:00-04:00,274.72706776293006,276.3362908365867,272.713112823429,273.6670837402344,26353700
2021-09-30 00:00:00-04:00,275.31486617919455,277.35772848518707,271.3736781629652,271.66278076171875,32343600
2021-10-01 00:00:00-04:00,271.855518825413,279.42956082549745,271.055729962069,278.5815734863281,30086300
2021-10-04 00:00:00-04:00,276.94337118609593,277.2806428364156,270.05351921774275,272.8094482421875,31350700
2021-10-05 00:00:00-04:00,273.7152814419423,279.83425268811834,273.7152814419423,278.2539367675781,24993000
2021-10-06 00:00:00-04:00,275.382351437471,282.9467476472076,275.12218554145016,282.4456481933594,28002600
2021-10-07 00:00:00-04:00,284.44029494052455,285.84719612226604,283.22615821775884,284.122314453125,20430500
2021-10-08 00:00:00-04:00,285.44246427651734,285.84719612226604,283.0719760578184,284.122314453125,17685700
2021-10-11 00:00:00-04:00,282.26256704142725,287.1288187573514,282.0987392920623,283.52490234375,19298600
2021-10-12 00:00:00-04:00,284.59454887512936,284.690916425301,281.71334439065623,282.22406005859375,17974100
2021-10-13 00:00:00-04:00,284.18014809161934,286.46391451193523,282.81179971016536,285.5292053222656,23416300
2021-10-14 00:00:00-04:00,288.32371333397117,292.2359943595076,286.99391772689086,291.73492431640625,27262900
2021-10-15 00:00:00-04:00,291.33982641094127,293.3730726386509,289.5860372188823,293.14178466796875,25384800
2021-10-18 00:00:00-04:00,292.52505628022925,296.99622136989956,291.67706908893643,296.1097106933594,22729300
2021-10-19 00:00:00-04:00,297.1311321961775,298.04655016071644,296.0422409246639,297.0155029296875,17682100
2021-10-20 00:00:00-04:00,297.95983967544254,298.4320317414315,294.9726227448066,296.225341796875,16537100
2021-10-21 00:00:00-04:00,295.99411129385413,299.70401151928974,295.2135548265935,299.4534912109375,16918100
2021-10-22 00:00:00-04:00,299.10658782442397,299.77148563337295,296.6011787740469,297.9117126464844,17449300
2021-10-25 00:00:00-04:00,298.10438841823645,298.14294131253496,295.309906430058,296.9191589355469,17554500
2021-10-26 00:00:00-04:00,299.6847507755604,301.0338080808827,297.37207690825886,298.8271179199219,28107300
2021-10-27 00:00:00-04:00,304.5027837125642,314.2353152759642,304.5027837125642,311.41192626953125,52588700
2021-10-28 00:00:00-04:00,312.5297200802306,313.05008121355974,309.6677779577822,312.54901123046875,26297900
2021-10-29 00:00:00-04:00,312.33699627026226,319.92065282329474,312.11535390609777,319.5544738769531,34766000
2021-11-01 00:00:00-04:00,319.30397060914856,319.429245467658,314.4955333639382,317.3863830566406,27073200
2021-11-02 00:00:00-04:00,318.29214656107087,321.31791632302634,317.99342781479373,321.0095520019531,26487100
2021-11-03 00:00:00-04:00,321.75147184547217,322.71508813096756,318.6197189176121,321.84783935546875,21500100
2021-11-04 00:00:00-04:00,320.778330690629,324.29552525226745,317.52130201351525,324.19915771484375,23992200
2021-11-05 00:00:00-04:00,326.1938496188393,326.4636610780947,322.2526614356384,323.8329772949219,22570100
2021-11-08 00:00:00-05:00,325.0278447491498,325.36511641707693,322.2719155808302,324.7291259765625,20897000
2021-11-09 00:00:00-05:00,324.84478968180053,326.39622775578675,322.35867170289976,323.7270202636719,21307400
2021-11-10 00:00:00-05:00,322.3972273444752,322.45504199048236,317.91641583544316,318.7643737792969,25500900
2021-11-11 00:00:00-05:00,319.197991984075,321.62629517799496,318.48492512550797,320.3350524902344,16849800
2021-11-12 00:00:00-05:00,321.77084906481406,324.96041747042767,321.6455742090313,324.4689636230469,23831000
2021-11-15 00:00:00-05:00,325.25910770260543,325.5867337696935,321.87680452226203,323.84259033203125,16723000
2021-11-16 00:00:00-05:00,323.4668329496531,328.2753000737165,323.3030345857247,327.1575012207031,20886800
2021-11-17 00:00:00-05:00,327.20575534879794,330.3432389660273,326.298296191854,327.3795166015625,19053400
2021-11-18 00:00:00-05:00,326.47202852171574,330.5942177948435,325.44872862025187,329.4550476074219,22463500
2021-11-19 00:00:00-05:00,330.7775927153273,333.15241765352346,330.35282344689676,331.2312927246094,21963400
2021-11-22 00:00:00-05:00,332.6890870606931,337.56427133664994,327.79460580022015,328.0649108886719,31031100
2021-11-23 00:00:00-05:00,325.3810641717133,327.6979979387171,322.01190001939966,325.9892578125,30427600
2021-11-24 00:00:00-05:00,324.63773083024483,326.4526485218159,322.3497867368839,326.2113037109375,21661300
2021-11-26 00:00:00-05:00,322.77469337120857,326.23073957142407,316.76036751775325,318.266357421875,24217200
2021-11-29 00:00:00-05:00,323.34421428483876,327.29261293135295,323.1511265991085,324.9757080078125,28563500
2021-11-30 00:00:00-05:00,323.71099964845,326.08582451918915,317.60013207363266,319.1447448730469,42885600
2021-12-01 00:00:00-05:00,323.5276191928272,327.53393801069564,317.9863505876279,318.6524353027344,33337600
2021-12-02 00:00:00-05:00,318.8648713820366,321.94443467534484,316.4514223722996,318.0829162597656,30766000
2021-12-03 00:00:00-05:00,320.4962976310111,321.1817382170732,307.01960945389317,311.82720947265625,41779300
2021-12-06 00:00:00-05:00,312.7346847030442,316.1135127790288,308.1780925192748,314.8971252441406,30032600
2021-12-07 00:00:00-05:00,320.15847701837134,324.1744298816056,318.67178431375265,323.3249206542969,31021900
2021-12-08 00:00:00-05:00,323.70139443658877,323.8848188965732,319.34752350913357,323.3731689453125,24761000
2021-12-09 00:00:00-05:00,322.83263825036704,324.84061512096423,320.62191042501166,321.5679931640625,22214200
2021-12-10 00:00:00-05:00,323.38285472943636,331.12518817346324,323.19943025665486,330.6811218261719,38095700
2021-12-13 00:00:00-05:00,328.88552605948894,331.88787203567045,327.34091275560786,327.64984130859375,28899400
2021-12-14 00:00:00-05:00,321.68377419361184,323.05462611476247,312.8891511907512,316.97271728515625,44438700
2021-12-15 00:00:00-05:00,317.2333691168989,323.5855832409606,313.2656731909751,323.06427001953125,35381100
2021-12-16 00:00:00-05:00,324.0875444975225,325.10121065165634,311.83687625533753,313.65179443359375,35034800
2021-12-17 00:00:00-05:00,309.77089186299975,313.6710321991096,306.26656054629296,312.58978271484375,47750300
2021-12-20 00:00:00-05:00,308.9696714904224,311.62446489459614,306.5755493846343,308.83453369140625,28326500
2021-12-21 00:00:00-05:00,312.09752764718075,316.38381472096694,308.7283333654757,315.95904541015625,24740600
2021-12-22 00:00:00-05:00,316.9341062072316,322.0602694505174,314.4724000480661,321.66448974609375,24831500
2021-12-23 00:00:00-05:00,321.2300361252478,324.7440317285957,321.2107391407732,323.1028747558594,19617800
2021-12-27 00:00:00-05:00,323.8461853067577,330.62316796902155,323.817225101408,330.5942077636719,19947000
2021-12-28 00:00:00-05:00,331.27003706491416,331.90719120012864,328.53802548583064,329.4358215332031,15661500
2021-12-29 00:00:00-05:00,329.48402148531875,332.38016007251247,327.9201113620014,330.1115417480469,15042000
2021-12-30 00:00:00-05:00,330.0729001077908,331.25066424671456,327.0898810628788,327.57257080078125,15994500
2021-12-31 00:00:00-05:00,326.7906054612649,327.6111544209489,324.2226926014007,324.6764221191406,18000800
2022-01-03 00:00:00-05:00,323.7400001560889,326.29824977245147,318.3628296202537,323.1607666015625,28865100
2022-01-04 00:00:00-05:00,323.2380239826921,323.5952391659229,314.82957629356036,317.6195373535156,32674300
2022-01-05 00:00:00-05:00,314.5785362245669,314.7812871228152,305.04061192128523,305.4267578125,40054300
2022-01-06 00:00:00-05:00,302.30856806148427,307.66644167118665,300.7060346434731,303.0133056640625,39646100
2022-01-07 00:00:00-05:00,303.27396324795524,305.5426109592931,299.35452484498177,303.16778564453125,32720000
2022-01-10 00:00:00-05:00,298.77528825214137,303.82423357931884,294.1414784951119,303.3898010253906,44289500
2022-01-11 00:00:00-05:00,302.53064320042563,305.6488002414314,299.1614780529444,304.07525634765625,29386800
2022-01-12 00:00:00-05:00,308.60289772987363,312.2134078663537,306.10253873709456,307.2513427734375,34372200
2022-01-13 00:00:00-05:00,309.37515937724777,309.7709684945666,293.4753583562799,294.2476501464844,45366000
2022-01-14 00:00:00-05:00,293.7167042364733,300.0592544355826,293.2340145006697,299.4607238769531,39846400
2022-01-18 00:00:00-05:00,293.54294042354564,299.0745458921932,291.2935897762765,292.1720886230469,42333200
2022-01-19 00:00:00-05:00,295.6860659770476,303.0422523236715,292.2203574511124,292.8285217285156,45933900
2022-01-20 00:00:00-05:00,298.3698016436407,300.8604673943379,290.71435049782207,291.1584167480469,35380700
2022-01-21 00:00:00-05:00,292.21074246408233,293.58156494621363,285.37583865558236,285.78131103515625,57984400
2022-01-24 00:00:00-05:00,282.0838512555884,286.82383782749025,266.49295154897675,286.1094665527344,85731500
2022-01-25 00:00:00-05:00,281.42744884707827,284.77731721920185,275.2973119894379,278.5023498535156,72848600
2022-01-26 00:00:00-05:00,297.32722375809846,297.8195767322565,282.8851546395586,286.437744140625,90428900
2022-01-27 00:00:00-05:00,292.1817275159188,296.66107253209896,287.615472429576,289.4593505859375,53481300
2022-01-28 00:00:00-05:00,289.8359242315118,297.8003058303216,284.2560313928482,297.5879211425781,49743700
2022-01-31 00:00:00-05:00,298.2539651589988,301.5652092942881,295.76326991115974,300.21368408203125,46444500
2022-02-01 00:00:00-05:00,299.66348813934843,299.87587283189384,294.56628497930495,298.07061767578125,40950400
2022-02-02 00:00:00-05:00,298.9104887522053,304.2104133019044,298.1864540558619,302.6078796386719,36636000
2022-02-03 00:00:00-05:00,298.7752738080084,300.4550540690847,289.57520891247447,290.820556640625,43730000
2022-02-04 00:00:00-05:00,289.816570444543,298.10917678556535,289.5848887928777,295.34820556640625,35096500
2022-02-07 00:00:00-05:00,295.5702886097434,297.18245606272853,289.5173395906922,290.531005859375,28533300
2022-02-08 00:00:00-05:00,290.8205570951065,294.9813401359987,289.5655756040924,294.0159606933594,32421200
2022-02-09 00:00:00-05:00,299.14215544071413,301.1308349501558,296.74803301981893,300.4357604980469,31284700
2022-02-10 00:00:00-05:00,293.5140020692782,298.41811714419794,290.289637957717,291.9114685058594,45386200
2022-02-11 00:00:00-05:00,292.6933667977203,293.75528997244055,284.0339128700643,284.8255310058594,39175600
2022-02-14 00:00:00-05:00,283.5995597685924,286.48606485987114,281.26335759126283,284.7869873046875,36359500
2022-02-15 00:00:00-05:00,289.6235910304962,290.3862198284261,286.73708551652055,290.0676574707031,27058300
2022-02-16 00:00:00-05:00,288.6358951130052,291.0543344654578,284.0989005260468,289.7290344238281,29982100
2022-02-17 00:00:00-05:00,286.6914169855192,287.1170646088115,280.53892237568306,281.2451171875,32461600
2022-02-18 00:00:00-05:00,283.48945825392775,284.2730302677064,276.9693549958802,278.5364990234375,34264000
2022-02-22 00:00:00-05:00,275.70205013593005,282.02869492098785,275.21836232867406,278.33331298828125,41736100
2022-02-23 00:00:00-05:00,280.71310149282795,282.18353159730316,270.9619664555194,271.12640380859375,37811200
2022-02-24 00:00:00-05:00,263.61954581271243,285.53059821327315,262.6618238516017,284.97918701171875,56989700
2022-02-25 00:00:00-05:00,285.5112545529005,287.92001039879176,282.135093565402,287.6104431152344,32546700
2022-02-28 00:00:00-05:00,284.7082917445892,289.3807321175086,283.44103215371325,289.0421447753906,34627500
2022-03-01 00:00:00-05:00,286.7301305623066,290.1836686434819,282.6187841386107,285.32745361328125,31217800
2022-03-02 00:00:00-05:00,285.7240436842559,291.63472396488993,284.1182261639909,290.396484375,31873000
2022-03-03 00:00:00-05:00,293.0084173965025,293.2405780996094,284.4567908872236,286.26580810546875,27314500
2022-03-04 00:00:00-05:00,284.6889691786735,286.0142690066233,277.80125973691753,280.4034729003906,32356500
2022-03-07 00:00:00-05:00,279.11684688434497,280.2390059870798,269.4430920558965,269.8106994628906,43157200
2022-03-08 00:00:00-05:00,268.736920057862,274.69595707889357,261.1914024621827,266.8505554199219,48159500
2022-03-09 00:00:00-05:00,274.1929119594873,280.1519485359989,271.6196896067693,279.08782958984375,35204500
2022-03-10 00:00:00-05:00,273.7866342304661,277.2498554429739,271.42623538275626,276.2727966308594,30628000
2022-03-11 00:00:00-05:00,278.56546999148014,280.0649198872489,270.31375729009164,270.9328918457031,27209300
2022-03-14 00:00:00-04:00,271.19411574307355,276.08903470394495,266.821587956301,267.4213562011719,30660700
2022-03-15 00:00:00-04:00,271.20371896326867,278.4300149062294,269.6365754251253,277.7818603515625,34245100
2022-03-16 00:00:00-04:00,279.67787432290874,284.9597650096381,273.96071196216207,284.78564453125,37826300
2022-03-17 00:00:00-04:00,283.7215952422282,285.9658841758017,279.92946993729333,285.588623046875,30816600
2022-03-18 00:00:00-04:00,285.73377364082944,291.1801038956817,283.1799169846614,290.6286926269531,43390600
2022-03-21 00:00:00-04:00,289.1389351574977,290.3481547741918,285.2790860660752,289.4001159667969,28351200
2022-03-22 00:00:00-04:00,290.0191685986224,295.0495331029309,289.0227729955793,294.14019775390625,27599700
2022-03-23 00:00:00-04:00,290.7060719110069,293.3373349131294,288.0070855267432,289.7193298339844,25715400
2022-03-24 00:00:00-04:00,289.3807798917864,294.2756985521243,288.5875247357409,294.178955078125,24484500
2022-03-25 00:00:00-04:00,295.27209408375734,295.5332748935633,289.5258800923185,293.77264404296875,22566500
2022-03-28 00:00:00-04:00,294.4014214022609,300.6603430987499,294.4014214022609,300.5636291503906,29578200
2022-03-29 00:00:00-04:00,303.66890108993795,305.51659216822173,298.967439967182,305.1199645996094,30393400
2022-03-30 00:00:00-04:00,303.52379996649006,305.6423550476428,301.41489856711223,303.6205139160156,28163600
2022-03-31 00:00:00-04:00,303.6591822316137,304.8587480003614,297.8452751937795,298.2515563964844,33422100
2022-04-01 00:00:00-04:00,299.27699192361627,300.01220684451596,295.57195627521304,299.32537841796875,27110500
2022-04-04 00:00:00-04:00,299.9734475006185,304.82966159533413,299.60584010885947,304.6942443847656,24289600
2022-04-05 00:00:00-04:00,303.04971351922677,304.5975202300645,299.76064270992003,300.7377014160156,23156700
2022-04-06 00:00:00-04:00,295.2334047517675,296.9843524811861,287.03004784034084,289.7290344238281,40110400
2022-04-07 00:00:00-04:00,286.9816633477329,293.7436096818607,286.6817792585373,291.5379943847656,31411200
2022-04-08 00:00:00-04:00,290.63834994645777,291.2961583197062,286.61406359876185,287.28155517578125,24361900
2022-04-11 00:00:00-04:00,282.2704820396031,283.0637074472377,275.7019946723153,275.9535217285156,34569300
2022-04-12 00:00:00-04:00,279.80375250936805,281.25481613450495,271.33921469606946,272.8580017089844,30966700
2022-04-13 00:00:00-04:00,273.5061508141746,279.1652752180004,272.12278108336227,278.2366027832031,21907200
2022-04-14 00:00:00-04:00,278.69121497830656,278.9040387773758,270.2073421446939,270.70068359375,28221600
2022-04-18 00:00:00-04:00,269.81076436616644,273.24493634757675,269.25935312303267,271.36822509765625,20778000
2022-04-19 00:00:00-04:00,270.2654313652648,276.8339207213191,269.3270757429713,275.9922790527344,22297700
2022-04-20 00:00:00-04:00,279.958561525646,280.2487919901363,276.0600380805985,277.0177307128906,22906700
2022-04-21 00:00:00-04:00,279.16527189939075,283.7312864723143,270.92324140436915,271.6487731933594,29454600
2022-04-22 00:00:00-04:00,272.4904155001635,273.9608456492988,264.46120795557385,265.0899963378906,29405800
2022-04-25 00:00:00-04:00,264.37417162716406,271.93902883290934,261.9363654314466,271.561767578125,35678900
2022-04-26 00:00:00-04:00,268.4467290276918,269.2786578732366,261.1914120269434,261.40423583984375,46518400
2022-04-27 00:00:00-04:00,272.89667705103636,281.4772943518781,270.05259027534413,273.9801330566406,63477700
2022-04-28 00:00:00-04:00,275.88593987927493,281.48705469974624,272.2776170842478,280.18109130859375,33646600
2022-04-29 00:00:00-04:00,279.1942562573067,280.4228421568128,267.47935197429007,268.466064453125,37073900
2022-05-02 00:00:00-04:00,268.6498925117606,275.6440293239036,267.2085121919129,275.1893615722656,35151100
2022-05-03 00:00:00-04:00,274.69596890447576,274.8604357472129,271.01027020615345,272.58709716796875,25978600
2022-05-04 00:00:00-04:00,273.37070203873003,281.3902550491014,267.7018944721031,280.5196228027344,33599300
2022-05-05 00:00:00-04:00,276.22441306115445,277.0079848672341,265.3897954748828,268.3016052246094,43260400
2022-05-06 00:00:00-04:00,265.84443636998407,270.13958558945643,262.4199191226848,265.7670593261719,37780300
2022-05-09 00:00:00-04:00,261.24947149546875,263.47442373123533,254.7293689162889,255.9482421875,47726000
2022-05-10 00:00:00-04:00,262.8262266216796,264.81901759782835,256.42220615250693,260.7076721191406,39336400
2022-05-11 00:00:00-04:00,257.01232381126397,262.50700973823547,250.84046320428226,252.0496826171875,48975900
2022-05-12 00:00:00-04:00,249.2830495439515,251.40160471462247,241.86327960551176,247.01939392089844,51033800
2022-05-13 00:00:00-04:00,248.95410945636132,254.45847882495977,247.0193583116015,252.60110473632812,34925100
2022-05-16 00:00:00-04:00,251.47899829857158,257.14783569365153,247.43537464280422,252.96876525878906,32550900
2022-05-17 00:00:00-04:00,257.4283458213499,259.57592116021584,253.89743024977278,258.1152038574219,28828800
2022-05-18 00:00:00-04:00,255.01236815888072,255.5941513427868,245.0930699203447,246.36328125,31356000
2022-05-19 00:00:00-04:00,246.1887405470746,249.8442599742027,244.23010107031448,245.4518280029297,32692300
2022-05-20 00:00:00-04:00,249.42732134726975,250.68785663420815,238.95534137506934,244.88946533203125,39199300
2022-05-23 00:00:00-04:00,247.73040107253058,253.55786327305103,245.7329538515337,252.73367309570312,33175400
2022-05-24 00:00:00-04:00,250.05756188241344,253.39305741677543,245.80087764780725,251.73500061035156,29043900
2022-05-25 00:00:00-04:00,250.29998684560377,256.54436894969376,249.3206523112265,254.54693603515625,28547900
2022-05-26 00:00:00-04:00,254.30452267342017,258.9975222921612,253.49003807090028,257.82427978515625,25002100
2022-05-27 00:00:00-04:00,260.32590258710013,265.0382834774228,259.4338312366583,264.9413146972656,26910800
2022-05-31 00:00:00-04:00,264.25290403889915,266.4248628217989,260.76223485872504,263.6129455566406,37827700
2022-06-01 00:00:00-04:00,266.84186825760014,269.25623459703166,261.8385798988137,264.14630126953125,25292200
2022-06-02 00:00:00-04:00,256.4183467798957,266.30854273854516,253.6548987948604,266.24066162109375,44008200
2022-06-03 00:00:00-04:00,262.1002923632558,265.14494022982973,260.25800402669876,261.819091796875,28059000
2022-06-06 00:00:00-04:00,263.7971142933535,265.8527218771535,259.1041161363901,260.587646484375,22400300
2022-06-07 00:00:00-04:00,258.54186576604843,264.83474789857866,257.86311369538305,264.223876953125,22860700
2022-06-08 00:00:00-04:00,263.4578015962176,264.70863088470054,261.42157544049917,262.1972961425781,17372300
2022-06-09 00:00:00-04:00,259.647196979162,264.42745982638615,256.59287219967115,256.7480163574219,26439700
2022-06-10 00:00:00-04:00,252.66584504493977,252.66584504493977,244.86034549346968,245.30638122558594,31422800
2022-06-13 00:00:00-04:00,237.66570001230667,241.45695191998857,234.1944273628666,234.90225219726562,46135800
2022-06-14 00:00:00-04:00,236.45365859510807,238.27656531045733,234.1750252009215,237.0645294189453,28651500
2022-06-15 00:00:00-04:00,240.76850759522998,247.54621774471534,238.93590988722116,244.1137237548828,33111700
2022-06-16 00:00:00-04:00,238.5093033448499,239.90557127346275,235.63921019857887,237.5299835205078,33169200
2022-06-17 00:00:00-04:00,237.26816850622123,242.89201860259925,236.61851897442415,240.12857055664062,43084800
2022-06-21 00:00:00-04:00,242.6592661630262,247.01290422725697,241.9320446589224,246.03358459472656,29928300
2022-06-22 00:00:00-04:00,244.23976328606997,249.35941623749332,242.76592357588206,245.44210815429688,25939900
2022-06-23 00:00:00-04:00,247.80808045407758,251.4926586664572,245.926997904077,250.99813842773438,25861400
2022-06-24 00:00:00-04:00,253.85845359611892,259.84107489415163,253.77119057568703,259.569580078125,33923200
2022-06-27 00:00:00-04:00,260.06411562547476,260.1513786610391,255.28385304721854,256.844970703125,24615100
2022-06-28 00:00:00-04:00,255.96258358137382,258.8035884452092,248.5352245163049,248.69036865234375,27295500
2022-06-29 00:00:00-04:00,249.76669921288493,254.01367843439704,247.99227659013485,252.35562133789062,20069800
2022-06-30 00:00:00-04:00,249.2430741608317,251.64776426602208,245.21912051123442,249.02975463867188,31730900
2022-07-01 00:00:00-04:00,248.60309420009241,251.88041405463684,246.87714165785107,251.69618225097656,22837700
2022-07-05 00:00:00-04:00,248.3800943919095,254.99296930885941,247.0032233964507,254.86691284179688,22941000
2022-07-06 00:00:00-04:00,255.73956910040374,259.8507853109402,254.430564439945,258.1248474121094,23824400
2022-07-07 00:00:00-04:00,257.06794077182286,260.88827998765817,256.9709719895022,260.2483215332031,20859900
2022-07-08 00:00:00-04:00,256.7480534855321,259.95752288689226,255.29361008585622,259.5308837890625,19658800
2022-07-11 00:00:00-04:00,257.58183216621444,258.4351100703667,254.21721973412835,256.4764709472656,19455200
2022-07-12 00:00:00-04:00,257.8048865798043,257.8630619352438,244.3852139665222,245.96571350097656,35868500
2022-07-13 00:00:00-04:00,242.59141144867633,245.84936453464945,240.57458193875394,245.04457092285156,29497400
2022-07-14 00:00:00-04:00,242.959889571624,247.39108538558793,238.47050360298064,246.36328125,25102800
2022-07-15 00:00:00-04:00,247.95345174668594,252.4622192726145,247.0323074429904,248.92308044433594,29774100
2022-07-18 00:00:00-04:00,251.86108033846966,252.91797217764622,245.60697754900244,246.5281219482422,20975000
2022-07-19 00:00:00-04:00,249.75693264825895,251.83195214619707,245.97538686166658,251.64772033691406,25012600
2022-07-20 00:00:00-04:00,252.00650426801573,256.8255603020686,251.04658128193176,254.3045196533203,22788300
2022-07-21 00:00:00-04:00,251.8998947859146,256.8450079874524,249.2237096105759,256.7965087890625,22404700
2022-07-22 00:00:00-04:00,257.1843229934879,257.2715860310557,251.20173011136725,252.45252990722656,21881300
2022-07-25 00:00:00-04:00,253.0730861428635,253.55790048413337,249.0103395957646,250.96897888183594,21056000
2022-07-26 00:00:00-04:00,251.9676707006978,251.9870822105182,241.99021383444165,244.2494354248047,39348000
2022-07-27 00:00:00-04:00,253.22823052881697,261.84821413779025,250.9883906372331,260.5780029296875,45994000
2022-07-28 00:00:00-04:00,261.55728534989555,269.40157628828024,259.73437905297993,268.0150146484375,33459300
2022-07-29 00:00:00-04:00,269.26594214524397,273.43533434326656,268.22843217911804,272.2135925292969,32152800
2022-08-01 00:00:00-04:00,269.38223547656554,272.7371422807074,267.46236011948673,269.56646728515625,21539600
2022-08-02 00:00:00-04:00,267.6175128829661,269.45012527255744,264.1074618325668,266.4733581542969,22754200
2022-08-03 00:00:00-04:00,268.3544800041246,274.8897687407823,268.20901200946105,273.89105224609375,23518900
2022-08-04 00:00:00-04:00,273.2413979951584,275.18065569445895,271.66092782643676,275.03521728515625,18098700
2022-08-05 00:00:00-04:00,270.67184411090017,275.03517323549517,270.2161174409248,274.3176574707031,16774600
2022-08-08 00:00:00-04:00,275.42306263435034,277.2362934376105,270.836737118106,271.8063659667969,18739200
2022-08-09 00:00:00-04:00,271.1470399708498,274.4825361654894,269.1786648955096,273.7262268066406,23405200
2022-08-10 00:00:00-04:00,279.4179151918508,281.0080908709291,278.2252612395024,280.3778381347656,24687800
2022-08-11 00:00:00-04:00,282.01652051436565,282.3655726517332,277.80833539979704,278.3028259277344,20065900
2022-08-12 00:00:00-04:00,279.7184922528835,283.0443115234375,278.22525580031515,283.0443115234375,22619700
2022-08-15 00:00:00-04:00,282.16190112229856,285.24531273382235,281.29891753044353,284.556884765625,18085700
2022-08-16 00:00:00-04:00,283.12184303694977,285.10959940447333,281.59954863684186,283.8199768066406,18102900
2022-08-17 00:00:00-04:00,281.53661715577607,285.0444230849969,281.2742723081873,283.0718994140625,18253400
2022-08-18 00:00:00-04:00,281.9738603210982,283.645163191212,280.8952723028826,281.9544372558594,17186200
2022-08-19 00:00:00-04:00,280.7202952926748,281.06039158484833,277.4748651159436,278.04815673828125,20570000
2022-08-22 00:00:00-04:00,274.0933767758062,274.46262247376245,269.37099355295584,269.885986328125,25061100
2022-08-23 00:00:00-04:00,268.61309814453125,270.96456356636963,267.60253558165664,268.61309814453125,17527400
2022-08-24 00:00:00-04:00,267.61219967427263,269.38067633445604,267.3206759134781,267.9814453125,18137000
2022-08-25 00:00:00-04:00,269.4778816182688,271.12003464855854,266.7474441390709,270.9548645019531,16583400
2022-08-26 00:00:00-04:00,271.1783719738918,272.40270697945806,260.3926709090645,260.4995422363281,27549300
2022-08-29 00:00:00-04:00,258.32293054735436,259.8290331608574,256.3795570313367,257.7204895019531,20338500
2022-08-30 00:00:00-04:00,259.1198054318205,259.489021611484,253.27995661982007,255.52455139160156,22767100
2022-08-31 00:00:00-04:00,257.8760119467737,259.54728502076154,253.93093567831625,254.06698608398438,24791800
2022-09-01 00:00:00-04:00,251.54058765801105,253.50341421016233,248.17855922552292,253.0272674560547,23263400
2022-09-02 00:00:00-04:00,254.2904786042123,257.2443854879001,247.26517150345208,248.81015014648438,22855400
2022-09-06 00:00:00-04:00,248.94616930970054,250.52999388020916,244.80677406440572,246.07968139648438,21328200
2022-09-07 00:00:00-04:00,247.4886360031437,251.5016925834483,246.05054362667008,250.78265380859375,24126700
2022-09-08 00:00:00-04:00,250.21910163068787,253.05641075595742,247.57609726538706,251.2004852294922,20319900
2022-09-09 00:00:00-04:00,253.12444856663964,257.7205384807604,252.92040261166707,256.9723205566406,22084700
2022-09-12 00:00:00-04:00,258.2548875674703,259.87761738911445,257.6524465635684,259.1002502441406,18747700
2022-09-13 00:00:00-04:00,251.51140761885284,253.02723665375865,244.46667832262642,244.85536193847656,33353300
2022-09-14 00:00:00-04:00,246.35178015556986,247.03195802459214,242.78569098884205,245.07887268066406,23913000
2022-09-15 00:00:00-04:00,242.69826140604198,244.28210110293705,237.11106126505769,238.43255615234375,31530900
2022-09-16 00:00:00-04:00,237.34424853509077,238.354811263805,235.2065402152561,237.8106689453125,39791800
2022-09-19 00:00:00-04:00,235.60491699915002,238.19931916772862,234.03078901134762,237.5968780517578,26826900
2022-09-20 00:00:00-04:00,235.21623357137693,236.6154501254237,232.85502690956756,235.58546447753906,26660300
2022-09-21 00:00:00-04:00,237.35393588330672,240.64795350193162,232.13596774895265,232.18455505371094,28625600
2022-09-22 00:00:00-04:00,231.13517270867078,236.95558294370812,230.8436784817332,234.15711975097656,31061200
2022-09-23 00:00:00-04:00,232.75785901455737,234.30285235773331,228.54074168946926,231.18373107910156,34176000
2022-09-26 00:00:00-04:00,230.3383971861503,234.6138138859922,230.19263524586722,230.72706604003906,27694200
2022-09-27 00:00:00-04:00,233.18540604277874,234.95388322610455,227.86056625784224,229.71649169921875,27018700
2022-09-28 00:00:00-04:00,230.10518718115333,235.46890336480436,228.08407652025923,234.2445831298828,29029700
2022-09-29 00:00:00-04:00,232.12624824404912,233.15623383177936,227.77309573435863,230.77560424804688,27484200
2022-09-30 00:00:00-04:00,231.5432539781558,233.7295494002438,226.14067744074515,226.3058624267578,35694800
2022-10-03 00:00:00-04:00,228.7448115784085,234.76926725849918,228.01604641968547,233.9239044189453,28880400
2022-10-04 00:00:00-04:00,238.15071845977334,243.27151213771026,238.04383231681499,241.8334197998047,34888400
2022-10-05 00:00:00-04:00,239.0252719369114,243.48531136271737,237.18878424235803,242.14437866210938,20347100
2022-10-06 00:00:00-04:00,240.91031948888858,243.25208841301955,239.11270766853326,239.80259704589844,20239900
2022-10-07 00:00:00-04:00,234.0793797349826,234.4875013005094,226.56824378188696,227.6079559326172,37769600
2022-10-10 00:00:00-04:00,226.45164491422375,227.91888685975806,220.31057632079649,222.7592315673828,29743600
2022-10-11 00:00:00-04:00,221.1753739104601,222.57460545971847,217.76475812921726,219.0279541015625,30474000
2022-10-12 00:00:00-04:00,219.018241026052,221.40859753879846,217.61902421870056,219.35833740234375,21903900
2022-10-13 00:00:00-04:00,213.62538135038992,229.41529424813774,212.92576556200996,227.6079559326172,42551800
2022-10-14 00:00:00-04:00,228.8711152108653,230.52299472511268,221.8749728230323,222.0887451171875,30198600
2022-10-17 00:00:00-04:00,229.1432179713051,232.19431432541026,228.4824631518074,230.80479431152344,28142300
2022-10-18 00:00:00-04:00,236.3531154742312,237.02356694835538,228.7059298585046,231.747314453125,26329600
2022-10-19 00:00:00-04:00,230.32865767594038,232.82590014122383,227.65651868442322,229.78451538085938,19985700
2022-10-20 00:00:00-04:00,229.09462099466492,234.47775981300623,228.22009390223283,229.46385192871094,21811000
2022-10-21 00:00:00-04:00,228.0938069731221,236.11993608853678,227.86059676033693,235.2648468017578,26299700
2022-10-24 00:00:00-04:00,236.85839536600284,240.8228797300147,234.4680538752151,240.2495880126953,24911200
2022-10-25 00:00:00-04:00,240.25930485991768,243.93228026742986,238.86979966752605,243.56304931640625,34775500
2022-10-26 00:00:00-04:00,224.62486794587923,231.55300056663893,223.54629485034351,224.7706298828125,82543200
2022-10-27 00:00:00-04:00,224.49853205636384,227.07351120535486,219.38746436365162,220.3300018310547,40424600
2022-10-28 00:00:00-04:00,219.83443818188346,229.9011145363862,219.64981530818488,229.1917724609375,40647700
2022-10-31 00:00:00-04:00,227.14153310691304,228.2686935125121,224.6054296076982,225.5576934814453,28357300
2022-11-01 00:00:00-04:00,227.95771604634555,229.065438341305,220.89354926680116,221.7097625732422,30592300
2022-11-02 00:00:00-04:00,222.9632917416644,224.7511921525638,213.80998772072712,213.86830139160156,38407000
2022-11-03 00:00:00-04:00,213.85857768399836,214.16952462545234,207.92156981485337,208.18392944335938,36633900
2022-11-04 00:00:00-04:00,211.3905059422956,215.31611482659386,207.3871454934429,215.1217803955078,36789100
2022-11-07 00:00:00-05:00,215.70478029409642,221.9430084136209,215.01487607123818,221.4182891845703,33498000
2022-11-08 00:00:00-05:00,222.22475338870947,225.09122629237518,219.4457287327941,222.3899383544922,28192500
2022-11-09 00:00:00-05:00,220.93242142810288,222.15675627667915,217.97850010051374,218.1533966064453,27852900
2022-11-10 00:00:00-05:00,228.7642252711611,236.44056019136823,228.34640704745314,236.1004638671875,46268000
2022-11-11 00:00:00-05:00,236.1101955294159,240.9686298310699,235.0801950029828,240.11354064941406,34620200
2022-11-14 00:00:00-05:00,235.13851261558185,237.0041496395175,232.43722428466577,234.71096801757812,31123300
2022-11-15 00:00:00-05:00,238.7045911196065,240.0066479183107,233.2339895014383,235.1190643310547,31390100
2022-11-16 00:00:00-05:00,236.58072479842383,237.564903920351,234.2713414708657,235.54783630371094,24093300
2022-11-17 00:00:00-05:00,231.6988319904281,237.02893923380267,231.5526741520921,235.49908447265625,23123500
2022-11-18 00:00:00-05:00,237.2822848010197,237.50641331153858,232.9168638897255,235.0508575439453,27613500
2022-11-21 00:00:00-05:00,235.25549585436693,238.4126392167858,235.02164329544348,235.85964965820312,26394700
2022-11-22 00:00:00-05:00,237.36025293713024,239.0362656262226,234.55391821119068,238.763427734375,19665700
2022-11-23 00:00:00-05:00,238.8413830694947,241.93030944994973,238.02286939557064,241.2482147216797,19508500
2022-11-25 00:00:00-05:00,240.98508768019255,242.33953807886874,240.4199192943966,241.16049194335938,9200800
2022-11-28 00:00:00-05:00,239.78656581676748,240.34198047417644,234.64160171816698,235.57704162597656,24778200
2022-11-29 00:00:00-05:00,235.22625156300845,236.58070207820637,232.11784747654085,234.18362426757812,17956300
2022-11-30 00:00:00-05:00,234.41747063024718,248.79998080802568,233.72562221636355,248.61483764648438,47594200
2022-12-01 00:00:00-05:00,247.37732526853793,249.56978200844247,244.50277384992842,248.17636108398438,26041500
2022-12-02 00:00:00-05:00,243.4309315609044,249.51133581657106,243.30425151606138,248.49794006347656,21528500
2022-12-05 00:00:00-05:00,245.5649005511503,247.32862273354516,241.7159238084992,243.8011932373047,23435300
2022-12-06 00:00:00-05:00,244.4053559887348,245.4187517382797,237.54539368771614,238.8511199951172,22463700
2022-12-07 00:00:00-05:00,238.56852717524598,239.8645144954358,236.0155378698541,238.1202850341797,20481500
2022-12-08 00:00:00-05:00,238.57825833331165,242.3785254696705,236.8437826963573,241.07278442382812,22611800
2022-12-09 00:00:00-05:00,238.4418300643482,241.9595054333745,237.9156470280844,239.14341735839844,20609700
2022-12-12 00:00:00-05:00,241.12153444706453,246.081355592582,240.84869655601585,246.0521240234375,30665100
2022-12-13 00:00:00-05:00,254.99733220148903,257.1703110963209,246.59779176063924,250.34933471679688,42196900
2022-12-14 00:00:00-05:00,250.55395264064651,255.87430582571122,247.8060664813451,250.6416473388672,35410900
2022-12-15 00:00:00-05:00,247.2311661145022,247.69888605332656,241.01432850057725,242.64161682128906,35560400
2022-12-16 00:00:00-05:00,242.19342665644314,243.4504288310408,237.28231450643366,238.43214416503906,86102000
2022-12-19 00:00:00-05:00,238.5977558234553,238.93881059195638,232.60504677186884,234.300537109375,29696400
2022-12-20 00:00:00-05:00,233.27736810210143,236.6976097938858,232.32243564637852,235.61599731445312,25150800
2022-12-21 00:00:00-05:00,235.5088410448142,239.33832514030232,233.9692473656318,238.1787567138672,23690600
2022-12-22 00:00:00-05:00,235.08982055529697,235.80116166317555,227.88881885599957,232.0983428955078,28651700
2022-12-23 00:00:00-05:00,230.07153767696204,232.7609459126413,227.95703674860303,232.62452697753906,21207000
2022-12-27 00:00:00-05:00,232.59530118818017,232.8194148295831,229.7987055148439,230.89981079101562,16688600
2022-12-28 00:00:00-05:00,230.83158066876882,233.58920571685437,228.18114298539857,228.5319366455078,17457100
2022-12-29 00:00:00-05:00,229.6232871191542,235.732937144972,229.6232871191542,234.84620666503906,19770700
2022-12-30 00:00:00-05:00,232.11785074167162,233.82309496882053,230.60748859534408,233.68667602539062,21938500
2023-01-03 00:00:00-05:00,236.86327747897744,239.46499095764855,231.32853465622566,233.45278930664062,25740000
2023-01-04 00:00:00-05:00,226.33946366728142,226.91437091450726,220.1811046954011,223.2407989501953,50623400
2023-01-05 00:00:00-05:00,221.389435810891,221.73049062967846,216.088559545531,216.62449645996094,39585600
2023-01-06 00:00:00-05:00,217.29681103305526,219.98621912634763,213.74016514069575,219.1774444580078,43613600
2023-01-09 00:00:00-05:00,220.65858404237193,225.3260890868295,220.6196135764492,221.3114471435547,27369800
2023-01-10 00:00:00-05:00,221.93508808498302,225.39430067277652,221.516092367223,222.99722290039062,27033900
2023-01-11 00:00:00-05:00,225.37479875829538,229.91562377471337,225.19940935858202,229.740234375,28669300
2023-01-12 00:00:00-05:00,229.24327425256297,233.7646067249311,227.58675433530573,232.41015625,27269500
2023-01-13 00:00:00-05:00,230.93877604519966,233.24815904771603,228.91196981298216,233.1117401123047,21333300
2023-01-17 00:00:00-05:00,231.8839729382192,234.74878549049157,231.02647397875015,234.20310974121094,29831300
2023-01-18 00:00:00-05:00,235.39190402162816,236.18118605908887,229.49662855484155,229.77920532226562,30028700
2023-01-19 00:00:00-05:00,227.80113628343994,229.49664158993286,224.78041202749904,225.99844360351562,28623000
2023-01-20 00:00:00-05:00,228.85351141709936,234.58313656009622,228.51245663723557,234.07643127441406,35389800
2023-01-23 00:00:00-05:00,234.9339381400993,238.89984125052814,233.5210096061912,236.37608337402344,31934000
2023-01-24 00:00:00-05:00,236.2981109084017,237.71102447414427,234.2907973761476,235.84986877441406,40234400
2023-01-25 00:00:00-05:00,228.48322009420318,237.07765762154605,224.9947760426561,234.45645141601562,66526600
2023-01-26 00:00:00-05:00,237.41868478326023,241.95950960681114,235.8108892133159,241.65744018554688,33454500
2023-01-27 00:00:00-05:00,242.62214447980068,243.44065810829167,240.51738240492458,241.81336975097656,26498900
2023-01-30 00:00:00-05:00,238.25671541727394,239.31885025276583,236.00579544141553,236.5027618408203,25867400
2023-01-31 00:00:00-05:00,237.22384083173012,241.60875476528724,236.736628172446,241.4723358154297,26541100
2023-02-01 00:00:00-05:00,241.65744534727375,248.65381102324727,239.1921508241423,246.2859649658203,31259900
2023-02-02 00:00:00-05:00,252.20070989004705,257.9205804321698,250.67085535602513,257.8328857421875,39940400
2023-02-03 00:00:00-05:00,252.90233575146593,257.44316094972766,250.52473578092378,251.74276733398438,29077300
2023-02-06 00:00:00-05:00,250.85601820717645,251.69400957978206,248.26404368586972,250.20314025878906,22518000
2023-02-07 00:00:00-05:00,253.86704534514652,261.89630103268723,253.42854202536165,260.7172546386719,50841400
2023-02-08 00:00:00-05:00,266.21294831317726,269.68189927846043,259.40169666602293,259.9084167480469,54686000
2023-02-09 00:00:00-05:00,266.79756966634966,266.9729887774278,256.07889400099884,256.8779296875,42375100
2023-02-10 00:00:00-05:00,254.84142214986286,257.3359482905629,253.99367698119255,256.37127685546875,25818500
2023-02-13 00:00:00-05:00,260.7951951195851,267.5771867135627,260.3177065131593,264.3810729980469,44630900
2023-02-14 00:00:00-05:00,265.69656324255214,267.9377295681392,262.39324715689656,265.2093505859375,37047900
2023-02-15 00:00:00-05:00,262.1126422431033,264.4668924311176,260.0221350925757,263.0895080566406,28922400
2023-02-16 00:00:00-05:00,257.91215337103114,260.5692301121678,255.84120219853648,256.0854187011719,29603600
2023-02-17 00:00:00-05:00,253.3892752747082,254.07306355868084,250.07768536596615,252.09002685546875,30000100
2023-02-21 00:00:00-05:00,248.59281657060217,249.57946061577636,245.7696748690076,246.82469177246094,28397400
2023-02-22 00:00:00-05:00,248.2118440405047,248.45606050673507,244.5485970470492,245.6915283203125,22491100
2023-02-23 00:00:00-05:00,249.6478466517071,250.89823380940385,244.68536609831472,248.87612915039062,29219100
2023-02-24 00:00:00-05:00,244.177384356293,245.19331823985505,242.36041335398122,243.45449829101562,24990900
2023-02-27 00:00:00-05:00,246.6195975210222,246.971269878113,243.6206117389156,244.372802734375,21190000
2023-02-28 00:00:00-05:00,243.30800820629165,245.6720220057633,242.97586245641222,243.64990234375,22491000
2023-03-01 00:00:00-05:00,244.95887197567075,245.12493737930367,240.10384757221487,240.57275390625,27565300
2023-03-02 00:00:00-05:00,240.84632035740756,245.5841116137893,239.92806391312698,245.3008270263672,24808200
2023-03-03 00:00:00-05:00,246.35581882878407,249.7064617806796,245.57432311137507,249.38409423828125,30760100
2023-03-06 00:00:00-05:00,250.49771263487295,254.10235014838744,250.05812596620328,250.9275360107422,24109800
2023-03-07 00:00:00-05:00,250.3706869789575,251.72854471994665,247.52801889335217,248.2704315185547,21473200
2023-03-08 00:00:00-05:00,248.1630024049233,248.65143534651415,245.00772977586786,247.83087158203125,17340200
2023-03-09 00:00:00-05:00,249.90184935839267,253.55531839675493,245.75993244925678,246.48281860351562,26653400
2023-03-10 00:00:00-05:00,245.27149758216976,246.94192996221227,241.87200834587694,242.83909606933594,28333900
2023-03-13 00:00:00-04:00,241.67660681243697,251.94347649871762,240.04524262160942,248.0457763671875,33339700
2023-03-14 00:00:00-04:00,250.8103048487011,255.03037243949342,249.94089484584663,254.75685119628906,33620300
2023-03-15 00:00:00-04:00,253.96563633216905,260.3152654051746,253.21343042410643,259.29931640625,46028000
2023-03-16 00:00:00-04:00,259.0746169472976,270.16205172863715,257.1892727698562,269.8103942871094,54768800
2023-03-17 00:00:00-04:00,271.8226903839095,276.7753773938965,269.9275683237235,272.9656066894531,69527400
2023-03-20 00:00:00-04:00,270.57236463472236,271.06079765137076,263.60730504746243,265.9322509765625,43466600
2023-03-21 00:00:00-04:00,268.5208779306245,268.6380970576698,263.2848617004978,267.4463195800781,34558700
2023-03-22 00:00:00-04:00,267.0750903654772,274.53835901279683,265.8833129567745,265.99078369140625,34873300
2023-03-23 00:00:00-04:00,271.51006295955915,274.55787926257466,268.8334604032194,271.2365417480469,36610900
2023-03-24 00:00:00-04:00,270.82627422927686,274.1378637154936,268.9116255422268,274.0792541503906,28172000
2023-03-27 00:00:00-04:00,274.0108578776161,274.94864070171997,269.14605544409125,269.9861755371094,26840200
2023-03-28 00:00:00-04:00,269.40989660765126,269.75180568788846,265.7563973042853,268.86285400390625,21878600
2023-03-29 00:00:00-04:00,272.5065003836282,274.63609068107115,271.9692360686493,274.0206604003906,25087000
2023-03-30 00:00:00-04:00,277.6545266817781,277.8791866956002,274.96814621926035,277.4786682128906,25053400
2023-03-31 00:00:00-04:00,277.1661475082968,282.57796264121714,276.45302473352956,281.6304016113281,32766000
2023-04-03 00:00:00-04:00,279.89160882011697,281.60112415662576,277.3810860970175,280.585205078125,24883300
2023-04-04 00:00:00-04:00,280.58517709537364,283.73068619331156,279.0612688180202,280.53631591796875,25824300
2023-04-05 00:00:00-04:00,279.2371315346284,280.5070453166388,276.3749215198196,277.7620544433594,22064800
2023-04-06 00:00:00-04:00,276.65817644820123,285.3229720001434,275.50548186907776,284.8540954589844,29770300
2023-04-10 00:00:00-04:00,282.51936243851856,282.9003544272942,278.12346613985693,282.6952209472656,23103000
2023-04-11 00:00:00-04:00,279.1394490348436,279.36413893859026,275.1245442349261,276.2869873046875,27276600
2023-04-12 00:00:00-04:00,278.20161454678106,280.3702577764048,275.4370676878089,276.9316711425781,27403400
2023-04-13 00:00:00-04:00,277.02932482319585,283.19334466122456,276.61905794657713,283.1347351074219,24222700
2023-04-14 00:00:00-04:00,280.36050660414264,281.8062788337825,277.1270829372931,279.5204162597656,20987900
2023-04-17 00:00:00-04:00,283.2226985900286,284.85407761818396,279.5399251996228,282.11883544921875,23836200
2023-04-18 00:00:00-04:00,284.82480490610715,285.0104118167831,280.3702986730481,281.6988220214844,20161800
2023-04-19 00:00:00-04:00,279.37380547373783,282.3630120609477,277.9573681287882,281.77691650390625,17150300
2023-04-20 00:00:00-04:00,278.6509985011603,282.34355041766946,278.48491818075087,279.4910888671875,23244400
2023-04-21 00:00:00-04:00,278.41649016228104,279.6473206169973,276.51159020841027,279.1491394042969,21676400
2023-04-24 00:00:00-04:00,275.564099605755,278.35795159650013,272.27206627525993,275.2514953613281,26611000
2023-04-25 00:00:00-04:00,273.04377855903545,275.08542457289633,268.9995397003019,269.04840087890625,45772200
2023-04-26 00:00:00-04:00,289.83608287187946,292.6396828327942,285.9579246128152,288.5368347167969,64599200
2023-04-27 00:00:00-04:00,289.1229976897944,298.13948055653924,288.419653058881,297.77801513671875,46462600
2023-04-28 00:00:00-04:00,296.9770107869876,301.78317430412875,296.2931927346846,300.1518249511719,36469600
2023-05-01 00:00:00-04:00,299.868565093512,301.46086148521374,298.09066177200543,298.4911804199219,21294100
2023-05-02 00:00:00-04:00,300.6402759672235,302.0274089293755,296.87933607669675,298.3446350097656,26404400
2023-05-03 00:00:00-04:00,299.5266454015473,301.47059918400157,297.05517563669,297.3580017089844,22360800
2023-05-04 00:00:00-04:00,299.15542063563385,300.6402759672235,296.38112489974674,298.3446350097656,22519900
2023-05-05 00:00:00-04:00,298.6474673178527,304.7528796666807,297.2309997282912,303.4634094238281,28197100
2023-05-08 00:00:00-04:00,302.95547709624844,303.0238648754862,299.00892985177205,301.50970458984375,21318600
2023-05-09 00:00:00-04:00,300.87463180094664,302.8674461510251,299.2237264038661,299.89776611328125,21340800
2023-05-10 00:00:00-04:00,301.4803538446717,305.75903132119197,300.55234911259487,305.0849914550781,30078000
2023-05-11 00:00:00-04:00,302.9261646974244,303.9225573251691,299.17500268454444,302.9359130859375,31680200
2023-05-12 00:00:00-04:00,303.3656699936466,303.463362538451,299.50706787229524,301.8222351074219,19774700
2023-05-15 00:00:00-04:00,301.94927639928727,302.73075724835036,300.4741992492285,302.3009338378906,16336500
2023-05-16 00:00:00-04:00,302.66231993782725,306.4525640397429,302.66231993782725,304.52813720703125,26730300
2023-05-17 00:00:00-04:00,305.7323794637119,307.8274270875237,304.2149092490743,307.4064636230469,24315000
2023-05-18 00:00:00-04:00,307.92533659511486,312.3406428632518,307.1323477805687,311.83154296875,27276000
2023-05-19 00:00:00-04:00,310.0888957303577,312.05669811668946,309.7266699904712,311.6553039550781,27546700
2023-05-22 00:00:00-04:00,311.90982815472574,315.8160338813464,311.33222095812204,314.4356384277344,24115700
2023-05-23 00:00:00-04:00,313.3098099504378,315.94332604860966,308.63018455651456,308.6399841308594,30797200
2023-05-24 00:00:00-04:00,308.1211084957931,309.8539301457172,306.0456005180939,307.25958251953125,23384900
2023-05-25 00:00:00-04:00,316.452394965502,320.0355435840167,313.28044007035,319.0761413574219,43301700
2023-05-26 00:00:00-04:00,317.2159833240213,326.3990200914225,317.07893868101803,325.8997497558594,36630600
2023-05-30 00:00:00-04:00,328.1906400290104,328.6899104115325,323.57952206493354,324.2550354003906,29503100
2023-05-31 00:00:00-04:00,325.3123928059222,328.8857420420062,320.45652421282057,321.4942932128906,45950600
2023-06-01 00:00:00-04:00,319.08589950715634,326.5263156649062,317.9013162515011,325.59625244140625,26773900
2023-06-02 00:00:00-04:00,327.2311796436286,330.4129338211657,325.566865507756,328.3570251464844,25873800
2023-06-05 00:00:00-04:00,328.1808904162806,331.45075190474944,327.6326519557442,328.8857727050781,21307100
2023-06-06 00:00:00-04:00,328.2885029579965,328.32767137670015,325.19488504565373,326.67315673828125,20396200
2023-06-07 00:00:00-04:00,324.6857770640945,327.4661371871072,315.72792109217784,316.5894470214844,40717100
2023-06-08 00:00:00-04:00,317.137673313342,319.7809886890354,316.5600661501271,318.4299621582031,23277700
2023-06-09 00:00:00-04:00,318.16557540730076,323.06058117621455,317.5977678838742,319.92779541015625,22529000
2023-06-12 00:00:00-04:00,321.6802685980965,325.1263726657708,318.33210052305157,324.8816223144531,24260300
2023-06-13 00:00:00-04:00,327.44659882342825,329.90390189326365,323.4522862648796,327.2703857421875,22951300
2023-06-14 00:00:00-04:00,327.3193130414061,331.9206314111561,325.82144214687054,330.2563171386719,26003800
2023-06-15 00:00:00-04:00,330.3933852343611,342.49382753852854,330.11926605235976,340.7903747558594,38899100
2023-06-16 00:00:00-04:00,343.94278354537636,344.08962778195877,334.769545086919,335.14154052734375,46552000
2023-06-20 00:00:00-04:00,332.18496735769014,334.8967905185413,328.8074005290605,330.951416015625,26375400
2023-06-21 00:00:00-04:00,329.30671681424553,330.638174337756,325.09702248062774,326.55572509765625,25117800
2023-06-22 00:00:00-04:00,327.10389414473735,332.9779016676336,326.3402743618307,332.5765075683594,23556800
2023-06-23 00:00:00-04:00,327.3388409466085,330.8632513932906,326.44797610789226,327.9849853515625,23146900
2023-06-26 00:00:00-04:00,326.71231091411966,329.0521084557262,321.5921234240104,321.6998291015625,21520600
2023-06-27 00:00:00-04:00,324.8913794122553,329.0913036434743,322.38513830210024,327.54449462890625,24354100
2023-06-28 00:00:00-04:00,327.6326238415943,330.88291577640626,326.80046664644476,328.7976379394531,20259500
2023-06-29 00:00:00-04:00,327.6815169223393,329.052112767679,325.6354077895199,328.0143737792969,16997000
2023-06-30 00:00:00-04:00,330.65770749403055,335.5331449952425,330.11926869973666,333.3891296386719,26832800
2023-07-03 00:00:00-04:00,332.06751392034784,333.7415980832822,329.5025348266666,330.8927001953125,12508700
2023-07-05 00:00:00-04:00,328.05354428027886,334.47579046215725,327.7011181507027,331.0492858886719,18172400
2023-07-06 00:00:00-04:00,330.21712344596347,335.78764318092107,328.4549330731704,334.103759765625,28161200
2023-07-07 00:00:00-04:00,332.19476390626494,334.61289857162126,329.92347347630437,330.13885498046875,21214800
2023-07-10 00:00:00-04:00,327.5738215556575,328.1905971184104,320.71101328852956,324.8619689941406,32791400
2023-07-11 00:00:00-04:00,324.10822129809816,325.8704119772488,320.13347775646093,325.4886169433594,26698200
2023-07-12 00:00:00-04:00,329.53188638120173,334.4758316380157,328.62142222429776,330.1192932128906,29995300
2023-07-13 00:00:00-04:00,332.42968950843436,336.52190790090776,331.9010204242932,335.464599609375,20567200
2023-07-14 00:00:00-04:00,340.29107663490123,344.0504382444472,337.07995339278386,337.99041748046875,28352700
2023-07-17 00:00:00-04:00,338.42112478780365,339.7036139588341,335.01421976169024,338.4700927734375,20363900
2023-07-18 00:00:00-04:00,338.56803033946636,359.0781209733801,334.98491162000175,351.9411926269531,64738600
2023-07-19 00:00:00-04:00,354.15373131724334,354.84881389642584,345.0392313202001,347.623779296875,39732900
2023-07-20 00:00:00-04:00,346.1455646214541,350.4531652099648,338.1177404381011,339.58624267578125,33778400
2023-07-21 00:00:00-04:00,341.8183323536975,342.944177986763,332.69403214811535,336.5513000488281,69405400
2023-07-24 00:00:00-04:00,338.58764053266464,339.6351792022214,335.1219672074144,337.8631591796875,26678100
2023-07-25 00:00:00-04:00,339.8211939588815,344.500849777994,337.82405242404576,343.6099548339844,41637700
2023-07-26 00:00:00-04:00,334.2702555757294,337.43244099686376,326.11515681266013,330.67730712890625,58383700
2023-07-27 00:00:00-04:00,333.330360964953,334.16248813756204,322.1403538163887,323.7752990722656,39635300
2023-07-28 00:00:00-04:00,326.66336048500244,332.87022482957593,326.1738598596252,331.2646484375,28484900
2023-07-31 00:00:00-04:00,329.8451818704879,330.60880180685933,326.3599092198598,328.8661804199219,25446000
2023-08-01 00:00:00-04:00,328.1514676458398,331.4311281711662,326.692765182679,329.2773132324219,18311900
2023-08-02 00:00:00-04:00,326.6242386250664,326.6242386250664,319.5068793964864,320.6229553222656,27761300
2023-08-03 00:00:00-04:00,319.154453640907,322.9529838203489,319.1055155220307,319.80059814453125,18253700
2023-08-04 00:00:00-04:00,324.9110375542309,328.1025921516829,320.36845604431744,320.8971252441406,23741500
2023-08-07 00:00:00-04:00,321.47470862016405,324.15716309321493,320.64255139351025,323.17816162109375,17741500
2023-08-08 00:00:00-04:00,320.0943251345085,321.8467462017524,316.2174875229385,319.20343017578125,22327600
2023-08-09 00:00:00-04:00,319.61461022525367,320.2411556284152,314.30840912670357,315.4636535644531,22373300
2023-08-10 00:00:00-04:00,319.1740366258562,321.3670201533067,314.4356732724542,316.14892578125,20113700
2023-08-11 00:00:00-04:00,313.53500552400016,315.63985260966695,312.5070361030333,314.2692565917969,24355500
2023-08-14 00:00:00-04:00,314.64124818370647,317.2551649738709,313.35872896949473,317.235595703125,18836100
2023-08-15 00:00:00-04:00,316.21745534246327,318.2635647035866,314.16154640668196,315.10137939453125,16966300
2023-08-16 00:00:00-04:00,314.72857479436016,318.2800883607637,313.7475006460735,314.3361511230469,20698900
2023-08-17 00:00:00-04:00,314.47351697046,315.77833241862345,310.22544912717694,310.8827819824219,21257200
2023-08-18 00:00:00-04:00,308.538028861624,312.3544220351469,305.65366819423417,310.4903869628906,24755000
2023-08-21 00:00:00-04:00,311.91295245436015,316.661348586836,311.0398118753366,315.7882080078125,24040000
2023-08-22 00:00:00-04:00,319.33965168167043,319.9086615433213,315.3761035356602,316.357177734375,16084600
2023-08-23 00:00:00-04:00,317.6915005926863,322.96968534272673,317.33829826078113,320.8113098144531,21166400
2023-08-24 00:00:00-04:00,326.5504516341018,326.6779960307327,313.90439476815004,313.9142150878906,23281400
2023-08-25 00:00:00-04:00,315.3859389138882,319.2023021602644,312.7664575046709,316.86737060546875,21684100
2023-08-28 00:00:00-04:00,319.4966275172615,319.97734429438725,315.63119277463596,317.57373046875,14808500
2023-08-29 00:00:00-04:00,315.78819669105656,322.7538301256061,315.78819669105656,322.1946105957031,19284600
2023-08-30 00:00:00-04:00,322.4496892096442,323.5680982937767,320.2717031615859,322.5674133300781,15222100
2023-08-31 00:00:00-04:00,322.9696339885842,324.6472624633452,320.5954212849975,321.556884765625,26411000
2023-09-01 00:00:00-04:00,325.039690493004,325.7068137627579,320.5954255688949,322.4398498535156,14942000
2023-09-05 00:00:00-04:00,322.77339871686183,328.51268854222997,322.4398370951833,327.2372741699219,18553900
2023-09-06 00:00:00-04:00,327.0704931119819,328.13003998213503,323.9310439692956,326.5799560546875,17535800
2023-09-07 00:00:00-04:00,325.02011658642925,326.7762180447548,322.8028790647299,323.6662292480469,18381000
2023-09-08 00:00:00-04:00,323.8427514132207,329.79787848396427,323.2246699296337,327.9436340332031,19530100
2023-09-11 00:00:00-04:00,330.8574865040351,332.0151769294796,329.0817444207828,331.54425048828125,16583300
2023-09-12 00:00:00-04:00,329.46433515175244,330.41597829482106,325.2064768442106,325.490966796875,17565500
2023-09-13 00:00:00-04:00,325.03963588622577,330.4747944190724,324.9023010902351,329.6997375488281,16544400
2023-09-14 00:00:00-04:00,332.7312908414323,334.40891924896704,330.20013271673093,332.2898254394531,20267000
2023-09-15 00:00:00-04:00,330.54354630179284,331.01444277565355,323.4111174113431,323.9703369140625,37679800
2023-09-18 00:00:00-04:00,321.59608191122635,324.14688059021836,320.1833327948617,322.8322448730469,16834200
2023-09-19 00:00:00-04:00,319.9969481018416,323.15600785929996,318.36836152476627,322.42999267578125,16505900
2023-09-20 00:00:00-04:00,323.2737351610063,323.3522079151342,314.4440682913458,314.6991271972656,21436500
2023-09-21 00:00:00-04:00,313.2177867362956,319.1925255568155,309.0384006890308,313.482666015625,35560400
2023-09-22 00:00:00-04:00,315.23874198409163,315.36628640951005,310.16657563325697,311.01031494140625,21447900
2023-09-25 00:00:00-04:00,310.59827150671464,311.6578483890655,309.0383671510389,311.5303039550781,17836000
2023-09-26 00:00:00-04:00,309.1659156883459,309.9017213341856,304.1526109858872,306.2325134277344,26297600
2023-09-27 00:00:00-04:00,306.3894315511619,308.3515797645924,303.82884250383796,306.87017822265625,19410100
2023-09-28 00:00:00-04:00,305.10420093112447,309.5092436550282,303.5933684920157,307.7040710449219,19683600
2023-09-29 00:00:00-04:00,311.73634897747024,313.4237979177654,309.0187840307204,309.7742004394531,24147300
2023-10-02 00:00:00-04:00,310.294137124608,315.7979787841784,309.21494955018176,315.70965576171875,20570000
2023-10-03 00:00:00-04:00,314.75802691222975,315.30745601689233,305.3200977637049,307.4588623046875,21033500
2023-10-04 00:00:00-04:00,308.0866824841923,313.98294710090596,308.05725146031534,312.9233703613281,20720100
2023-10-05 00:00:00-04:00,313.05094717371253,313.92411753909374,308.94024408682094,313.3158264160156,16965600
2023-10-06 00:00:00-04:00,310.5589896881692,322.9597804960645,310.31372116687385,321.0663146972656,25673600
2023-10-09 00:00:00-04:00,318.6038277713841,324.04877728616253,317.063534182084,323.577880859375,19891200
2023-10-10 00:00:00-04:00,324.69629510828605,324.8336598616772,321.4685826836827,322.1749572753906,20557100
2023-10-11 00:00:00-04:00,324.9415409038971,326.5210857572993,322.91074029238723,326.128662109375,20063200
2023-10-12 00:00:00-04:00,324.313686937738,327.3157714229003,322.4986937835042,324.89251708984375,19313100
2023-10-13 00:00:00-04:00,326.08945496838265,327.5119946274533,320.1833689854534,321.5274658203125,21072400
2023-10-16 00:00:00-04:00,324.78460909741796,329.77830323276595,324.34314366168616,326.34454345703125,22158000
2023-10-17 00:00:00-04:00,323.3521975217721,327.148949363288,321.21346324546664,325.77545166015625,18338500
2023-10-18 00:00:00-04:00,326.1973576731345,329.23869374170175,322.0866542980727,323.8623962402344,23153600
2023-10-19 00:00:00-04:00,325.86374730098373,330.50423844384994,324.6472250314816,325.0494689941406,25052100
2023-10-20 00:00:00-04:00,325.441899996805,325.63812679181063,319.2905761994472,320.48748779296875,25027700
2023-10-23 00:00:00-04:00,319.31019990102027,326.4328077015871,318.25065300887303,323.08734130859375,24374700
2023-10-24 00:00:00-04:00,325.02983032476106,325.55961871050516,321.39987419726737,324.2744140625,31153600
2023-10-25 00:00:00-04:00,338.4902135639039,339.64790388750646,331.2302703891526,334.2225646972656,55053800
2023-10-26 00:00:00-04:00,334.0949997460641,335.1643669777935,320.75238530520863,321.6844177246094,37828500
2023-10-27 00:00:00-04:00,324.1763153652428,330.3472799837888,322.1847360926127,323.56805419921875,29856500
2023-10-30 00:00:00-04:00,327.09990360704097,333.02559927042574,325.5497898368821,330.92608642578125,22828100
2023-10-31 00:00:00-04:00,332.4370138355085,332.5841689842252,328.3557413843758,331.71099853515625,20265300
2023-11-01 00:00:00-04:00,333.35918048886424,340.8447807446002,333.2218157421507,339.52032470703125,28158800
2023-11-02 00:00:00-04:00,340.66817584467145,342.22808013928716,338.244921513789,341.7277526855469,24348100
2023-11-03 00:00:00-04:00,343.01296696867126,347.6828896003234,340.75647841286957,346.1229553222656,23637700
2023-11-06 00:00:00-05:00,346.7607140780306,350.77330426538856,346.66260066264067,349.78240966796875,23828300
2023-11-07 00:00:00-05:00,352.5980768718827,355.6001616596292,350.86158624054224,353.7066955566406,25833900
2023-11-08 00:00:00-05:00,354.8349502754826,356.98350541576144,353.726331511593,356.3262023925781,26767800
2023-11-09 00:00:00-05:00,355.4431012078397,357.8859958475487,353.5398152366619,353.86358642578125,24847300
2023-11-10 00:00:00-05:00,354.6484666487655,363.0955302142946,354.23643229337705,362.6736755371094,28042100
2023-11-13 00:00:00-05:00,361.2510968326077,361.49636535118015,358.9749977946541,359.740234375,19986500
2023-11-14 00:00:00-05:00,363.98834436046604,364.9105564931209,360.39760923672634,363.2623291015625,27683900
2023-11-15 00:00:00-05:00,364.99251089097083,366.8111878331865,360.89311508068755,363.4097900390625,26860100
2023-11-16 00:00:00-05:00,364.6779510555463,369.97668823321743,363.9111612043172,369.79974365234375,27182300
2023-11-17 00:00:00-05:00,367.28306715379995,368.0302064935661,360.78501895126305,363.5867614746094,40157000
2023-11-20 00:00:00-05:00,364.9335496074717,372.45399413615905,364.7172740131472,371.0482177734375,52465100
2023-11-21 00:00:00-05:00,369.30823463589167,369.8489086679745,364.8352685492538,366.75225830078125,28423100
2023-11-22 00:00:00-05:00,371.598747765699,373.3584433577172,368.6200605907828,371.4512939453125,23345300
2023-11-24 00:00:00-05:00,370.9400480571713,371.56922430315524,368.7871624674301,371.0383605957031,10176600
2023-11-27 00:00:00-05:00,370.39936783626126,374.1940157538783,369.8292031236525,372.1983642578125,22179200
2023-11-28 00:00:00-05:00,371.9428061684763,376.51405435302496,371.75602133936184,376.2191467285156,20453100
2023-11-29 00:00:00-05:00,377.2611498870986,377.79198354961045,371.04816997841607,372.4342956542969,28963400
2023-11-30 00:00:00-05:00,372.0804159794598,373.6533266294802,369.1115692531181,372.4933166503906,30554400
2023-12-01 00:00:00-05:00,370.37971321362784,371.7559987121957,365.02199502186244,368.1678161621094,33040500
2023-12-04 00:00:00-05:00,362.84946292716745,363.2623336149724,356.7544451480774,362.8887939453125,32063300
2023-12-05 00:00:00-05:00,360.2443330697854,366.76203156592914,359.4283719754838,366.2115173339844,23065000
2023-12-06 00:00:00-05:00,367.2142547508921,367.8434010010659,361.7975548433351,362.55450439453125,21182100
2023-12-07 00:00:00-05:00,361.99418225567007,365.15965403682253,360.11652374565716,364.6681213378906,23118900
2023-12-08 00:00:00-05:00,362.94776032697274,368.11866396815253,361.99418568198814,367.892578125,20154400
2023-12-11 00:00:00-05:00,362.23992455873395,365.3070835963392,359.90022426700926,365.01214599609375,27708800
2023-12-12 00:00:00-05:00,364.56981930802976,368.07937007976545,364.1864093914376,368.0400390625,24838300
2023-12-13 00:00:00-05:00,369.6522031111794,371.24479409698984,364.49111028889564,368.0301513671875,30955500
2023-12-14 00:00:00-05:00,366.98812028305656,367.43051168709843,357.9635876470979,359.73309326171875,43277500
2023-12-15 00:00:00-05:00,360.6375749421143,366.09357631955413,360.07722042205063,364.4518737792969,78502300
2023-12-18 00:00:00-05:00,363.1934730778045,366.68334275789977,362.43649362550525,366.3392639160156,21802900
2023-12-19 00:00:00-05:00,365.1989200557806,366.93896484375,363.5768683048988,366.93896484375,20603700
2023-12-20 00:00:00-05:00,368.64948928220537,369.6620453460696,364.2551861699306,364.3436584472656,26316700
2023-12-21 00:00:00-05:00,366.25081857048275,368.06949543921024,363.77350472816454,367.2142333984375,17708000
2023-12-22 00:00:00-05:00,367.35191086364074,368.8265091217646,366.3983361233561,368.2366638183594,17107500
2023-12-26 00:00:00-05:00,368.6495462723812,370.5566956584925,367.1749480872917,368.3153076171875,12673100
2023-12-27 00:00:00-05:00,367.3617208659254,368.7085156973093,366.4966184922779,367.73529052734375,14905400
2023-12-28 00:00:00-05:00,369.01324645392424,370.0847841167637,367.82374574574834,368.9247741699219,14327000
2023-12-29 00:00:00-05:00,369.6326355317151,370.77299513504465,367.15532122151694,369.6719665527344,18730800
